slug	name	city	state	host	inclusive_focus	days	start	start_place
anchorage-ak-tuesday-night-social-road-ride	Tuesday Night Social Road Ride (Taco Tuesdays)	Anchorage	AK	Anchorage weekly road rides	no-drop	tue	18:30	Bartlett High School student parking lot
auburn-al-james-bros-saturday-shop-ride	James Bros. Bikes Saturday Shop Ride	Auburn	AL	James Bros. Bikes		sat	07:00	James Bros. Bikes
auburn-al-second-sunday-ride	The Second Sunday Ride	Auburn	AL	The Second Sunday Ride	beginner,family	sun		
auburn-al-thursday-night-dirtbags	Thursday Night Dirtbags	Auburn	AL	Trek Bicycle Auburn	no-drop,beginner	thu	19:00	
birmingham-al-le-tour-de-ham	Le Tour de Ham	Birmingham	AL	Le Tour de Ham	beginner,no-drop	tue	18:15	Varies; current start posted in the Facebook group
birmingham-al-trample	Trample	Birmingham	AL	Redemptive Cycles	beginner,no-drop	thu	18:00	Redemptive Cycles
fairhope-al-pro-cycle-thursday-night-social-ride	Pro Cycle Thursday Night Social Ride	Fairhope	AL	Pro Cycle Fairhope	no-drop	thu	18:00	Pro Cycle Fairhope
huntsville-al-sunset-rides	Sunset Rides	Huntsville	AL	Sunset Bicycles	beginner	wed	18:00	Sunset Bicycles
millbrook-al-mbc-old-and-slow-ride	Old & Slow Ride	Millbrook	AL	Montgomery Bicycle Club	beginner,no-drop	sat	07:00	Millbrook City Hall
mobile-al-sunday-morning-breakfast-club	Sunday Morning Breakfast Club	Mobile	AL	Mobilians on Bikes		sun	07:00	Nova Espresso
prattville-al-mbc-tuesday-prattville-loop	Prattville Tuesday Loop	Prattville	AL	Montgomery Bicycle Club (Prattville group)	no-drop	tue	18:00	Prattville Medical Park
prattville-al-mbc-thursday-night-ride	Thursday Night Ride from Prattville High School	Prattville	AL	Montgomery Bicycle Club		thu	18:00	Prattville High School parking lot, near the main entrance
tuscaloosa-al-druid-city-bicycle-club-tuesday-ride	Druid City Bicycle Club Tuesday Ride	Tuscaloosa	AL	Druid City Bicycle Club		tue/thu	17:30	Embassy Suites parking lot, downtown Tuscaloosa
tuscaloosa-al-velocity-casual-campus-cruise	VeloCity Casual Campus Cruise	Tuscaloosa	AL	VeloCity Cycles	beginner,family	sat		VeloCity Cycles
tuscaloosa-al-wamba-monday-beginner-ride	WAMBA Monday Beginner Ride	Tuscaloosa	AL	West Alabama Mountain Bike Association	beginner	mon	17:30	Munny Sokol Park
bentonville-ar-tour-de-coler	Tour de Coler	Bentonville	AR	Peel Compton Foundation (Coler)	no-drop,beginner	tue	17:30	The Grove parking lot, Coler Mountain Bike Preserve
fayetteville-ar-bike-club-sunday-service	Sunday Service	Fayetteville	AR	Bike Club		sun	10:30	Puritan Coffee & Beer
little-rock-ar-abc-sunday-two-rivers-ride	Arkansas Bicycle Club Sunday Ride	Little Rock	AR	Arkansas Bicycle Club	beginner	sun	13:00	Two Rivers Park Bridge
little-rock-ar-heels-on-wheels-monday-ride	Heels on Wheels Monday Ride	Little Rock	AR	Arkansas Heels on Wheels	wtf,beginner	mon	17:30	William J. Clinton Presidential Library
little-rock-ar-mtcc-little-rock-evening-ride	Major Taylor Cycling Club Little Rock Evening Ride	Little Rock	AR	Major Taylor Cycling Club of Little Rock	bipoc	tue/thu	18:00	Big Dam Bridge, Little Rock side
chandler-az-global-bikes-chandler-north-saturday-ride	Chandler North Saturday Ride	Chandler	AZ	Global Bikes & E-Bikes		sat	06:00	Global Bikes & E-Bikes Chandler
chandler-az-pmbc-mikes-sunday-ride	Mike's Sunday Ride	Chandler	AZ	Phoenix Metro Bicycle Club		sun	07:30	Desert Breeze Park, north parking lot
cottonwood-az-vvcc-wednesday-cottonwood-ride	VVCC Wednesday Cottonwood Ride	Cottonwood	AZ	Verde Valley Cyclists Coalition		wed	08:00	The Neighborhood Coffee Shop
flagstaff-az-vvcc-mormon-lake-thursday-ride	Mormon Lake Lodge Out-and-Back	Flagstaff	AZ	Verde Valley Cyclists Coalition		thu	09:00	Lake Mary Rd & Forest Service Road 132 (Mormon Lake Lodge)
fountain-hills-az-mcdowell-mountain-cycles-tuesday-night-mtb	MMC Tuesday Night Ride	Fountain Hills	AZ	McDowell Mountain Cycles		tue	19:00	Four Peaks Trailhead parking lot, across the road from the Competition Loops, McDowell Mountain Regional Park
fountain-hills-az-mcdowell-mountain-cycles-sunday-funday-gravel	Sunday Funday Gravel Ride	Fountain Hills	AZ	McDowell Mountain Cycles	no-drop	sun	06:00	McDowell Mountain Cycles
gilbert-az-global-bikes-sunday-funday-ride	Gilbert Sunday Funday Ride	Gilbert	AZ	Global Bikes & E-Bikes	beginner,no-drop	sun	06:00	Global Bikes & E-Bikes Gilbert
peoria-az-monday-night-meander	Monday Night Meander	Peoria	AZ	West Valley Casual Bike Rides	beginner,no-drop	mon	19:00	West Valley Casual Bike Rides meet spot
peoria-az-west-valley-casual-true-beginner-ride	True Beginner Ride	Peoria	AZ	West Valley Casual Bike Rides	beginner,no-drop	wed	19:00	Sweetwater Park
peoria-az-west-valley-casual-thursday-any-bike-ride	Whatever You Feel Like Ride	Peoria	AZ	West Valley Casual Bike Rides	no-drop	thu	19:00	Rio Vista (the Meetup venue is Biscuits Cafe)
phoenix-az-global-bikes-ahwatukee-wednesday-ride	Ahwatukee Climbing Circuit Ride	Phoenix	AZ	Global Bikes & E-Bikes	no-drop	wed	19:00	Philly's Sports Grill, east end of the shopping center at 48th St and Warner
phoenix-az-bullshifters-saturday-club-ride	Bullshifters Saturday Club Ride	Phoenix	AZ	Bullshifters Bicycling Club		sat	07:30	Moon Valley Park
phoenix-az-pmbc-granada-sunday-breakfast-ride	Granada Sunday Breakfast Ride	Phoenix	AZ	Phoenix Metro Bicycle Club (Granada chapter)		sun	07:30	Granada Park
phoenix-az-valley-epic-rides-night-rider-trail-100	Night Rider Series @ Trail 100	Phoenix	AZ	Valley Epic Rides		wed	18:30	Trail 100 meet spot (Meetup venue)
phoenix-az-downtempo-ride	Phoenix Downtempo Ride	Phoenix	AZ	Phoenix Downtempo Ride	beginner,no-drop	mon	20:00	Civic Space Park
phoenix-az-taco-tuesday-south-mountain	Taco Tuesday Ride at South Mountain	Phoenix	AZ	Valley Epic Rides		tue	19:15	Kyrene de las Lomas Elementary School
prescott-az-bike-prescott-thursday-mtb-series	Bike Prescott Thursday Mountain Bike Series	Prescott	AZ	Bike Prescott	no-drop	thu	08:00	
prescott-az-soul-ride-sunday-shop-ride	Soul Ride Sunday Shop Ride	Prescott	AZ	Soul Ride Bike Shop & Taproom	no-drop	sun		Soul Ride Bike Shop & Taproom (parking lot behind the shop)
sedona-az-absolute-bikes-shop-rides	Absolute Bikes Sedona Shop Rides	Sedona	AZ	Absolute Bikes		thu/sun	16:00	Absolute Bikes Sedona
sedona-az-wednesday-evening-mtb-ride	Sedona Wednesday Evening Mountain Bike Ride	Sedona	AZ	Verde Valley Cyclists Coalition / Sedona MTB Facebook group	no-drop	wed		West Sedona (exact meetup posted in the Facebook group each Monday)
tempe-az-regroup-coffee-ride	Regroup Saturday Coffee Ride	Tempe	AZ	Regroup	no-drop	sat	06:00	Regroup Coffee + Bicycles
tempe-az-pmbc-saturday-cycling	Saturday Cycling	Tempe	AZ	Phoenix Metro Bicycle Club	no-drop,beginner	sat	07:30	Kiwanis Park, the parking lot on S. All America Way nearest Mill Ave
tucson-az-bicas-wtf-ride	BICAS WTF Ride	Tucson	AZ	BICAS (Bicycle Inter-Community Art & Salvage)	wtf,lgbtq,beginner,no-drop	mon	19:00	BICAS
tucson-az-fuga-southside-ride	FUGA Southside Ride (Bicicleteada del Sur)	Tucson	AZ	FUGA (Familias Unidas Ganando Accesibilidad)	bipoc,family,beginner,no-drop	fri	18:00	El Pueblo Center
tucson-az-gaba-el-tour-training-rides	GABA El Tour de Tucson Training Rides	Tucson	AZ	Greater Arizona Bicycling Association (GABA)		sun	06:45	Safeway at Golf Links and Wilmot
tucson-az-the-shootout	The Shootout	Tucson	AZ	The Shootout (documented by Fair Wheel Bikes)		sat	07:30	University Blvd & Euclid Ave
tucson-az-tuesday-morning-fast-ride	Tuesday Morning Fast Ride (TMFR)	Tucson	AZ	Tuesday Morning Fast Ride (documented by Fair Wheel Bikes)		tue	07:00	Near University Blvd and Euclid Ave, by the University of Arizona
tucson-az-tuesday-night-ride	Tuesday Night Ride (TNR)	Tucson	AZ	Tucson Tuesday Night Ride	no-drop	tue	20:45	Flagpole in front of Old Main, University of Arizona
tucson-az-womens-shootout	Women's Shootout Tucson	Tucson	AZ	Women's Shootout Tucson	wtf	sat	06:15	Mercado San Agustín
yuma-az-foothills-bicycle-club-social-rides	Foothills Bicycle Club Sunday & Tuesday Social Rides	Yuma	AZ	Foothills Bicycle Club		sun/tue		Foothills Library
bakersfield-ca-bike-bakersfield-full-moon-ride	Bike Bakersfield Full Moon Ride	Bakersfield	CA	Bike Bakersfield	beginner			
carlsbad-ca-swamis-monthly-social-ride	Swami's Monthly Sunday Social Ride	Carlsbad	CA	Swami's Cycling Club	no-drop	sun		Bird Rock Coffee Roasters, Bressi Ranch
chico-ca-north-rim-easy-does-it-sunday-ride	Easy Does It Sunday Ride	Chico	CA	North Rim Adventure Sports	beginner,no-drop	sun	13:00	Hooker Oak Park, center of the parking lot
costa-mesa-ca-lillordag-wednesday-night-ride	Lillördag Wednesday Night Ride	Costa Mesa	CA	Costa Mesa Alliance for Better Streets	beginner	wed	18:30	Lions Park
costa-mesa-ca-unlikely-cyclist-saturday-womens-ride	The Unlikely Cyclist Saturday Women's Group Ride	Costa Mesa	CA	The Unlikely Cyclist	wtf,no-drop	sat	08:15	The Unlikely Cyclist
davis-ca-tuesday-bakery-easy-ride	Tuesday Bakery Easy Ride	Davis	CA	Davis Bike Club	beginner	tue	09:00	Westlake Plaza parking lot
encinitas-ca-leucadia-cyclery-sunday-social-ride	Leucadia Cyclery Sunday Social Ride	Encinitas	CA	Leucadia Cyclery	beginner,no-drop	sun	08:00	Leucadia Cyclery
encinitas-ca-swamis-saturday-ride	World Famous Swami's Saturday Ride	Encinitas	CA	Swami's Cycling Club		sat	08:15	Cadence Cyclery
fresno-ca-fresno-cycling-club-birthday-rides	Fresno Cycling Club Monthly Birthday Rides	Fresno	CA	Fresno Cycling Club		sat	08:00	Steven's parking lot
gold-river-ca-bike-hikers-tuesday-evening-ride	Sacramento Bike Hikers Tuesday Evening Ride	Gold River	CA	Sacramento Bike Hikers		tue	18:00	Gold River Town Center, Bel Air parking lot
granite-bay-ca-sac-wheelmen-saturday-granite-bay-ride	Saturday Morning Granite Bay Ride	Granite Bay	CA	Sacramento Wheelmen		sat	08:30	Granite Bay Community Park
huntington-beach-ca-hb-velo-sunday-shop-ride	HB Velo Sunday Morning Shop Ride	Huntington Beach	CA	HB Velo Cyclery		sun	08:05	HB Velo Cyclery
irvine-ca-bicycle-club-of-irvine-saturday-ride	BCI Saturday Ride	Irvine	CA	Bicycle Club of Irvine	beginner	sat	09:00	Deerfield Park
irvine-ca-orange-county-wheelmen-weekday-ride	OCW Tuesday/Thursday Ride	Irvine	CA	Orange County Wheelmen		tue/thu	09:00	Bill Barber Park
long-beach-ca-bike-long-beach-bikes-and-coffee	Bikes and Coffee (Bike Long Beach)	Long Beach	CA	Bike Long Beach	beginner,no-drop	sun	10:00	Varies (usually Gaucho Beach, SteelCraft, or the end of the beach path at Ocean & Bayshore)
long-beach-ca-queercicles-c-u-next-tuesday	C U Next Tuesday (Queercicles)	Long Beach	CA	Queercicles	lgbtq	tue	08:00	Colorado Lagoon
long-beach-ca-lightning-velo-saturday-ride	Lightning Velo Saturday Ride	Long Beach	CA	Lightning Velo	beginner	sat/sun	08:00	Marina Dr parking lot (temporary start during Studebaker Rd construction)
long-beach-ca-long-beach-bicycling-meetup	Long Beach Bicycling Meetup Wednesday Ride	Long Beach	CA	Long Beach Bicycling Meetup	beginner	wed	19:00	Long Beach Windsurf Center
los-angeles-ca-different-spokes-sunday-ride	Different Spokes Sunday Ride	Los Angeles	CA	Different Spokes Southern California	lgbtq,no-drop	sun	08:00	
los-angeles-ca-la-grange-womens-ride	La Grange Women's Ride	Los Angeles	CA	Velo Club La Grange	wtf,no-drop	sat	08:00	
los-angeles-ca-la-wheelmen-sunday-ride	LA Wheelmen Sunday Ride	Los Angeles	CA	Los Angeles Wheelmen		sun		
los-angeles-ca-los-angeles-critical-mass	Los Angeles Critical Mass	Los Angeles	CA	Los Angeles Critical Mass		fri	19:29	Wilshire/Western Metro D Line station
los-angeles-ca-major-taylor-tuesday-ride	Major Taylor (Westchester Parkway laps)	Los Angeles	CA	Major Taylor ride		tue	18:00	Westchester Parkway
los-angeles-ca-la-grange-nichols-canyon-ride	Nichols Canyon Ride (Velo Club La Grange)	Los Angeles	CA	Velo Club La Grange		sat	08:00	Raymond Fouquet Square
northridge-ca-sfvbc-saturday-club-ride	SFVBC Saturday Club Ride	Los Angeles	CA	San Fernando Valley Bicycle Club	beginner	sat/sun	08:00	CSUN Parking Lot B1
los-angeles-ca-venice-electric-light-parade	Venice Electric Light Parade	Los Angeles	CA	Venice Electric Light Parade	family,beginner	sun	18:35	Venice Beach
manhattan-beach-ca-big-orange-team-ride	Big Orange Team Ride	Manhattan Beach	CA	Big Orange Cycling	no-drop	sun	08:00	Starbucks, Manhattan Beach (as the club page names it)
manhattan-beach-ca-new-pier-ride	New Pier Ride (NPR)	Manhattan Beach	CA	New Pier Ride		tue/thu	06:40	Manhattan Beach Pier
mill-valley-ca-tam-velo-sunday-recovery-ride	Tam Velo Club Sunday Recovery Ride	Mill Valley	CA	Tamalpais Velo Club	no-drop	sun	09:35	Equator Coffees at Proof Lab
oakland-ca-east-bay-bike-party	East Bay Bike Party	Oakland	CA	East Bay Bike Party	no-drop	fri	20:00	
oakland-ca-red-bike-and-green-community-rides	Red Bike & Green Community Rides	Oakland	CA	Red Bike & Green Oakland	bipoc,family,no-drop	fri/sat	18:00	Lake Merritt Pergola
palm-springs-ca-big-wheel-bikes-community-group-rides	Big Wheel Bikes CV Community Group Rides	Palm Springs	CA	Big Wheel Bikes CV	beginner			Big Wheel Bikes CV, Palm Springs (also Palm Desert flagship)
palos-verdes-estates-ca-wheatgrass-ride	Wheatgrass Ride	Palos Verdes Estates	CA	Wheatgrass Ride		sun	08:00	Malaga Cove Plaza
pasadena-ca-foo-chow-ride	FOO CHOW Ride	Pasadena	CA	Incycle Bicycles Pasadena		tue	19:00	Incycle Pasadena
redding-ca-shasta-wheelmen-weekday-ride	Shasta Wheelmen Weekday Ride	Redding	CA	Shasta Wheelmen		tue/thu	08:00	Sundial Bridge parking lot
redlands-ca-rwbtc-women-only-friday-recovery-ride	RWBTC Women Only Friday AM Recovery Ride	Redlands	CA	Redlands Water Bottle Transit Company	wtf,beginner	fri	08:15	Cyclery USA
redondo-beach-ca-big-orange-club-ride	Big Orange Club Ride	Redondo Beach	CA	Big Orange Cycling		sat	08:00	Miramar Park
redondo-beach-ca-beach-cities-cycling-club-java-ride	Friday Java Ride (Beach Cities Cycling Club)	Redondo Beach	CA	Beach Cities Cycling Club, South Bay	beginner,no-drop	fri	09:00	Redondo Beach Pier, pedestrian area south of Captain Kidd's
redondo-beach-ca-friendly-donut-ride	Friendly Donut Ride (FDR)	Redondo Beach	CA	Friendly Donut Ride	no-drop	sat	08:00	Miramar Park
redondo-beach-ca-the-donut-ride	The Donut Ride	Redondo Beach	CA	The Donut Ride		sat	08:00	Avenue I & Elena Ave
riverside-ca-riverside-bicycle-club-saturday-casual-ride	Riverside Bicycle Club Saturday Casual Ride	Riverside	CA	Riverside Bicycle Club	beginner,no-drop	sat	07:30	Stater Bros parking lot, Lincoln & Mary Streets
sacramento-ca-bike-party-sacramento	Bike Party Sacramento	Sacramento	CA	Bike Party Sacramento	no-drop	fri	19:00	
sacramento-ca-sac-wheelmen-tuesday-west-breakfast-ride	Tuesday West Breakfast Ride	Sacramento	CA	Sacramento Wheelmen		tue	09:00	Westin Hotel parking lot
san-diego-ca-cyclo-vets-saturday-ride	Cyclo-Vets Saturday Ride	San Diego	CA	San Diego Cyclo-Vets	no-drop	sat	08:30	Trader Joe's / Coffee Bean lot, Mission Valley
san-diego-ca-moment-bicycles-saturday-ride	Moment Bicycles Saturday Point Loma Ride	San Diego	CA	Moment Bicycles	no-drop	sat	08:30	Moment Bicycles
san-diego-ca-outspoken-cycle-club-rides	Outspoken Cycle Club San Diego Rides	San Diego	CA	Outspoken Cycle Club	lgbtq,beginner			
la-jolla-ca-sdbc-saturday-ride	SDBC Saturday Ride	San Diego	CA	San Diego Bicycle Club	beginner	sat	08:30	UC Cyclery
san-diego-ca-shewolves-ride	SheWolves Ride	San Diego	CA	SheWolves	wtf,lgbtq,no-drop	thu	19:15	Bea Evenson Fountain, Balboa Park
san-francisco-ca-butterlap	Butterlap	San Francisco	CA	Butterlap	no-drop	wed	19:15	Ferry Building
san-francisco-ca-different-spokes-jersey-ride	Different Spokes Jersey Ride	San Francisco	CA	Different Spokes San Francisco	lgbtq	sat	09:00	Peet's Coffee, Castro (16th and Market)
san-francisco-ca-critical-mass	San Francisco Critical Mass	San Francisco	CA	San Francisco Critical Mass		fri	17:30	Embarcadero Plaza (foot of Market Street)
san-jose-ca-san-jose-bike-party	San Jose Bike Party	San Jose	CA	San Jose Bike Party	no-drop,family	fri	20:00	
santa-barbara-ca-fastrack-saturday-lake-ride	Fastrack Saturday Lake Ride	Santa Barbara	CA	Fastrack Bicycles		sat	08:00	Dolphin Fountain at Stearns Wharf
santa-cruz-ca-girls-rock-monthly-ride	Girls Rock Monthly Ride	Santa Cruz	CA	Girls Rock Women's Mountain Biking	wtf,beginner	sun	10:00	Varies (Santa Cruz Mountain Brewing for Sep–Oct 2026)
santa-monica-ca-la-grange-gravel-wednesday	Gravel Wednesday (Velo Club La Grange)	Santa Monica	CA	Velo Club La Grange		wed	06:30	26th St & San Vicente Blvd
torrance-ca-telo-tuesday-crit	Telo (Tuesday practice crit)	Torrance	CA	Telo practice crit		tue	18:00	Telo Ave & Kashiwa St
ventura-ca-bikevc-brew-ride	BikeVC Brew Ride	Ventura	CA	Bike Ventura County (BikeVC)	beginner	sun	13:00	Ventura Bike HUB
ventura-ca-easy-rider-community-ride	Easy Rider Community Ride	Ventura	CA	Channel Islands Bicycle Club and Bike Ventura	beginner,no-drop	sun	09:00	Museum of Ventura County parking lot
aurora-co-adventure-cycling-saturday-morning-ride	Adventure Cycling Saturday Morning Ride	Aurora	CO	Adventure Cycling	beginner,no-drop	sat	09:00	Adventure Cycling
boulder-co-bma-gurlz-ride	Gurlz Ride	Boulder	CO	Boulder Mountainbike Alliance	wtf,no-drop	tue	17:00	Greenbelt Plateau Trailhead
boulder-co-bma-knobby-wednesday	Knobby Wednesday	Boulder	CO	Boulder Mountainbike Alliance	beginner,no-drop	wed	17:30	Boulder Valley Ranch
boulder-co-wednesday-morning-velo	Wednesday Morning Velo	Boulder	CO	Wednesday Morning Velo		wed	06:30	Gateway Fun Park parking lot
broomfield-co-trek-womens-tuesday-group-ride	Women's Tuesday Group Ride	Broomfield	CO	Trek Bicycle Broomfield	wtf,beginner,no-drop	tue	18:00	Trek Bicycle Broomfield
colorado-springs-co-rar-front-range-see-you-next-tuesday-ride	RAR Front Range See You Next Tuesday Ride	Colorado Springs	CO	Radical Adventure Riders Front Range	wtf,bipoc,lgbtq,no-drop	tue	18:00	Building Three Coffee
colorado-springs-co-the-wednesday-ride	The Wednesday Ride	Colorado Springs	CO	The Wednesday Ride	beginner,no-drop	wed	18:00	
colorado-springs-co-tour-de-latte	Tour de Latte	Colorado Springs	CO	Colorado Springs Cycling Club	beginner,no-drop	sat	09:00	E Fontanero St & N Weber St
denver-co-denver-cruiser-ride	Denver Cruiser Ride	Denver	CO	Denver Cruiser Ride	beginner,no-drop	thu	19:00	Changes weekly; map on denvercruiserride.com (Sept 17, 2026 was the Old 17th Avenue Bridge)
denver-co-outspokin-lgbtq-club-rides	OUTspokin' Club Rides	Denver	CO	OUTspokin'	lgbtq,beginner,no-drop	sat/sun	08:45	
denver-co-rar-front-range-see-you-next-tuesday	RAR Front Range See You Next Tuesday Ride	Denver	CO	Radical Adventure Riders Front Range	wtf,bipoc,lgbtq,no-drop	tue		
denver-co-the-phoenix-sober-weekend-rides	The Phoenix Denver Sober Weekend Rides	Denver	CO	The Phoenix (Boulder/Denver chapter)	no-drop,beginner	sat/sun		
durango-co-pedal-the-peaks-wednesday-shop-ride	Pedal the Peaks Wednesday Shop Ride	Durango	CO	Pedal the Peaks		wed	18:00	Pedal the Peaks
fort-collins-co-gravel-people	Fort Collins Gravel People	Fort Collins	CO	Fort Collins Gravel People	beginner,no-drop	tue	18:00	
fort-collins-co-omba-singletrack-social	OMBA Singletrack Social	Fort Collins	CO	Overland Mountain Bike Association	beginner,no-drop	wed	17:30	Blue Sky Trailhead (early April and October rides meet at Spring Canyon Park instead)
fort-collins-co-saturday-open-ride	SOR (Saturday Open Ride)	Fort Collins	CO	NoCo Cycling / Your Group Ride		sat	08:00	Front Range Community College library parking lot (SW corner)
golden-co-golden-bike-cruise	Golden Bike Cruise	Golden	CO	Golden Bike Cruise	family,beginner	tue	17:30	Behind the Armory building
grand-junction-co-cyclepaths-group-rides	Grand Junction CyclePaths Rides	Grand Junction	CO	Grand Junction CyclePaths	no-drop		09:00	
littleton-co-dcc-phils-circuit-ride	Phil's Circuit Ride (Denver Cycling Club Social B Ride)	Littleton	CO	Denver Cycling Club		wed	08:00	Reynolds Landing
longmont-co-svcg-spin-into-the-setting-sun	Spin Into the Setting Sun (SVCG Tuesday Night Ride)	Longmont	CO	St Vrain Chain Gang Bicycling Club		tue	17:30	Collision Brewing Company
monument-co-mmb-tuesday-ride	MMB Tuesday Ride at Monument Preserve	Monument	CO	Monument Mountain Bikers		tue	17:30	Mount Herman Trailhead
darien-ct-dannys-cycles-sunday-kids-ride	Danny's Cycles Darien Kids' Ride	Darien	CT	Danny's Cycles	youth,family,beginner	sun	14:00	Danny's Cycles Darien
middletown-ct-pedal-power-saturday-morning-ride	Pedal Power Saturday Morning Ride	Middletown	CT	Pedal Power		sat	09:00	Pedal Power Middletown (rear parking lot)
middletown-ct-pedal-power-sunday-beginner-ride	Pedal Power Sunday Beginner Ride	Middletown	CT	Pedal Power	beginner,no-drop	sun	14:00	Rotating (check ride page each week)
new-haven-ct-nhbc-tuesday-thursday-evening-rides	New Haven Bicycling Club Tuesday & Thursday Evening Rides	New Haven	CT	New Haven Bicycling Club	beginner	tue/thu	17:30	Wilbur Cross High School parking lot
west-hartford-ct-thirsty-thursdays-slow-roll	Thirsty Thursdays Slow Roll	West Hartford	CT	Bike West Hartford	no-drop,beginner	thu	18:30	Asylum Ave and the Trout Brook Trail
washington-dc-dc-bike-party	DC Bike Party	Washington	DC	DC Bike Party	no-drop	fri	19:00	
washington-dc-dc-queer-bike-rides	DC Queer Bike Rides	Washington	DC	DC Queer Bike Rides (QBR)	lgbtq,no-drop,beginner	sat/thu	12:00	
washington-dc-district-cycling-collective-monday-moves	Monday Moves (District Cycling Collective)	Washington	DC	District Cycling Collective	beginner,no-drop	mon	10:15	Conte's Bike Shop Navy Yard
washington-dc-outriders-thursday-night-ride	OutRiders DC Thursday Night Ride	Washington	DC	OutRiders DC	lgbtq	thu	18:15	Varies by week; a Metro station named in the Meetup event (Sept 17, 2026: Smithsonian Metro)
washington-dc-dc-tri-club-sunday-no-drop-ride	Sunday No-Drop Group Bike Rides (DC Tri Club)	Washington	DC	DC Triathlon Club	no-drop,beginner	sun	08:45	
lewes-de-sussex-cyclists-friday-brewery-ride	Friday Brewery Gravel Trail Ride (Sussex Cyclists)	Lewes	DE	Sussex Cyclists	beginner	fri	10:00	Lewes Brewery Company (most weeks)
millsboro-de-sussex-cyclists-cupola-park-thursday-ride	Cupola Park Thursday Ride (Sussex Cyclists)	Millsboro	DE	Sussex Cyclists		thu	09:00	Cupola Park
milton-de-sussex-cyclists-wednesday-dogfish-head-ride	Wednesday Dogfish Head Ride (Sussex Cyclists)	Milton	DE	Sussex Cyclists		wed	09:00	Dogfish Head Brewery
wilmington-de-wcbc-north-wilmington-flat-ride	North Wilmington Flat Ride (White Clay Bicycle Club)	Wilmington	DE	White Clay Bicycle Club		tue	18:00	
clermont-fl-trek-clermont-saturday-group-ride	Trek Clermont Saturday Group Ride	Clermont	FL	Trek Bicycle Clermont		sat	07:30	Trek Bicycle Clermont
coral-gables-fl-ebc-bike305-beginner-ride	EBC / Bike 305 Beginner Ride	Coral Gables	FL	Everglades Bicycle Club with Bike 305	beginner	sat	07:30	Ponce de Leon Middle School
coral-gables-fl-everglades-bicycle-club-saturday-ride	Everglades Bicycle Club Saturday Ride	Coral Gables	FL	Everglades Bicycle Club		sat	07:00	Ponce de Leon Middle School
fort-lauderdale-fl-critical-mass	Fort Lauderdale Critical Mass	Fort Lauderdale	FL	Fort Lauderdale Critical Mass	family	fri	19:30	Holiday Park
fort-lauderdale-fl-goonie-prowl	The Goonie Prowl	Fort Lauderdale	FL	The Goonie Prowl		fri	20:00	Tarpon River Brewing
fort-myers-fl-caloosa-riders-welcome-ride	Caloosa Riders Sunday Welcome Ride	Fort Myers	FL	Caloosa Riders Bicycle Club	no-drop,beginner	sun	07:30	Trek Bicycle Fort Myers
gainesville-fl-casual-tuesday-ride	Casual Tuesday Ride (CTR)	Gainesville	FL	Casual Tuesday Ride Gainesville		tue		
jacksonville-fl-ram-ride	RAM Ride	Jacksonville	FL	RAM Ride Jacksonville	beginner	sat	09:00	Under the Fuller Warren Bridge, Riverside
jacksonville-fl-tunibiri-tuesday-night-ride	TuNiBiRi (Tuesday Night Bike Ride)	Jacksonville	FL	TuNiBiRi		tue	22:00	Florida Velvet Tattoo and Piercing
lakewood-ranch-fl-vicc-wednesday-night-worlds	Village Idiots Wednesday Night Worlds	Lakewood Ranch	FL	Village Idiots Cycling Club		wed	18:00	Village Bikes Lakewood Ranch
miami-fl-miami-critical-mass	Miami Critical Mass	Miami	FL	Miami Critical Mass (info via The Miami Bike Scene)		fri	19:15	Government Center
naples-fl-naples-velo-saturday-bridge-ride	Naples Velo Saturday Ft. Myers Bridge Ride	Naples	FL	Naples Velo		sat	07:00	Naples Cyclery (side lot)
orlando-fl-kyles-thursday-night-ride	Kyle's Bike Shop Thursday Night Ride	Orlando	FL	Kyle's Bike Shop	no-drop	thu	19:00	Kyle's Bike Shop parking lot
pensacola-fl-bike-pensacola-slow-ride	Bike Pensacola Slow Ride	Pensacola	FL	Bike Pensacola	beginner,family,no-drop	fri	18:00	
sanford-fl-sanford-bicycle-club-monday-ride	Sanford Bicycle Club Monday Ride	Sanford	FL	Sanford Bicycle Club	no-drop,beginner	mon	18:00	Deviant Wolfe / Dees Brothers Brewery area, downtown Sanford
sanford-fl-saturday-social-ride	Sanford's Saturday Social Ride	Sanford	FL	Bicikleta Bike Shop		sat	07:30	Bicikleta Bike Shop
seminole-fl-spbc-dunedin-breakfast-ride	Tuesday Dunedin Breakfast Ride	Seminole	FL	St. Petersburg Bicycle Club	no-drop	tue	08:00	Seminole City Park
st-petersburg-fl-critical-mass	St. Pete Critical Mass	St. Petersburg	FL	St. Pete Critical Mass		fri	19:30	Williams Park fountain
st-petersburg-fl-spbc-saturday-club-ride	St. Petersburg Bicycle Club Saturday Ride	St. Petersburg	FL	St. Petersburg Bicycle Club		sat	08:00	North Shore Aquatic Center
sunrise-fl-south-broward-wheelers-saturday-ride	South Broward Wheelers Saturday Ride	Sunrise	FL	South Broward Wheelers		sat	07:00	Markham Park
tallahassee-fl-ccc-saturday-classic-chaires	Saturday Classic Chaires	Tallahassee	FL	Capital City Cyclists		sat		Chaires Community Center
tampa-fl-critical-mass-tampa-bay	Critical Mass Tampa Bay	Tampa	FL	Critical Mass Tampa Bay		fri	20:00	Curtis Hixon Waterfront Park
west-palm-beach-fl-critical-mass	Critical Mass West Palm Beach	West Palm Beach	FL	Critical Mass West Palm Beach	family,beginner	fri	19:15	Clematis St waterfront (Flagler Park area)
athens-ga-bikeathens-joy-ride	BikeAthens Joy Ride	Athens	GA	BikeAthens	beginner,no-drop,family	fri	18:00	BikeAthens shop (under Daily Groceries)
atlanta-ga-critical-mass-atlanta	Critical Mass Atlanta	Atlanta	GA	Critical Mass Atlanta	beginner	fri	18:30	Woodruff Park
atlanta-ga-midweek-roll	Midweek Roll	Atlanta	GA	Midweek Roll		wed	19:30	97 Estoria
atlanta-ga-bonafide-motivation-monday	Motivation Monday (Bonafide CC)	Atlanta	GA	Bonafide Riders Cycle Club	beginner	mon	18:15	Inman Park MARTA Station
augusta-ga-outspokin-friday-canal-ride	Outspokin' Friday Canal Ride	Augusta	GA	Outspokin' Bicycles	beginner	fri	18:00	Outspokin' Bicycles
augusta-ga-outspokin-wednesday-worlds	Wednesday Worlds	Augusta	GA	Outspokin' Bicycles		wed	18:10	Outspokin' Bicycles
avondale-estates-ga-pizza-ride	Pizza Ride	Avondale Estates	GA	Atlanta Peloton (ATLPTN)		thu	18:00	Art Lot
brookhaven-ga-brookhaven-bike-alliance-monday-ride	Brookhaven Bike Alliance Monday Ride	Brookhaven	GA	Brookhaven Bike Alliance	no-drop,beginner	mon	18:00	Savi Provisions
fort-oglethorpe-ga-cbc-thursday-night-riders	Thursday Night Riders	Fort Oglethorpe	GA	Chattanooga Bicycle Club	no-drop	thu	18:00	Chickamauga Battlefield Visitor Center, lower parking lot
roswell-ga-bike-roswell-wednesday-evening-ride	Bike Roswell! Wednesday Evening Ride	Roswell	GA	Bike Roswell!	no-drop	wed	18:30	Roswell United Methodist Church parking lot
savannah-ga-perry-rubber-saturday-ride	Perry Rubber Saturday Ride	Savannah	GA	Perry Rubber Bike Shop		sat	08:00	Perry Rubber Bike Shop
honolulu-hi-outta-bounds-pau-hana-wednesday	Pau Hana Wednesday (Outta Bounds)	Honolulu	HI	Outta Bounds Racing Team	no-drop	wed	16:30	Triangle Park (Fort Ruger Park), east of Diamond Head
honolulu-hi-red-hot-ladies-roving-ride	Red Hot Ladies Roving Ride	Honolulu	HI	Red Hot Ladies (Hawaii Bicycling League)	wtf,no-drop,beginner	sun	07:30	
honolulu-hi-hbl-start-the-week-off-right-monday-ride	Start the Week Off Right	Honolulu	HI	Hawaii Bicycling League	beginner,no-drop	mon	08:30	Kahala Community Center
honolulu-hi-wolfpack-tuesday-night-ride	Wolfpack Tuesday Night Ride	Honolulu	HI	Wolfpack		tue	16:30	Kilauea District Park
kailua-kona-hi-saturday-recreational-north-ride	Kona Saturday Recreational Ride	Kailua-Kona	HI	Kona recreational riders (listed by Hawaii Cycling Club)	no-drop,beginner	sat/tue	07:00	Kailua-Kona Target parking lot, NW corner
kapolei-hi-sunday-morning-coffee-jam	Sunday Morning Coffee Jam	Kapolei	HI	Sunday Morning Coffee Jam	no-drop	sun	07:15	Chili's parking lot, Kapolei
maui-hi-maui-bicycling-league-monthly-group-ride	Maui Bicycling League Monthly Group Ride	Kihei	HI	Maui Bicycling League	beginner	sat		
des-moines-ia-monday-night-no-drop-road-ride	Monday Night No-Drop Road Ride (MNNDR)	Des Moines	IA	Sakari / Smart Honda Race Team members	no-drop	mon	18:00	Great Western Trail trailhead
grinnell-ia-prairie-burner-tuesday-gravel-ride	Prairie Burner Weekly Gravel Ride	Grinnell	IA	Imagine Grinnell	beginner	tue	17:30	Bikes To You
iowa-city-ia-bic-wednesday-night-social-ride	Bicyclists of Iowa City Wednesday Night Ride	Iowa City	IA	Bicyclists of Iowa City		wed	18:00	Varies (Quinton's, Flannigan's, North Liberty, Solon); see the BIC calendar
iowa-city-ia-gatos-en-ronda-friday-night-ride	Friday Night Ride – Gatos en Ronda	Iowa City	IA	Iowa City Bike Library	no-drop	fri	18:00	Iowa City Bike Library
north-liberty-ia-sugar-bottom-bikes-wednesday-night-gravel	Sugar Bottom Bikes Wednesday Night Gravel	North Liberty	IA	Sugar Bottom Bikes		wed	18:10	Sugar Bottom Bikes
boise-id-cbr-tuesday-because-we-can-ride	CBR Tuesday Because We Can Ride	Boise	ID	Cooperative Biking & Recreation		tue	09:00	
boise-id-lactic-acid-saturday-ride	Lactic Acid Cycling Saturday Ride	Boise	ID	Lactic Acid Cycling		sat	09:00	LuLu's Pizza
boise-id-mountain-mondays	Mountain Mondays	Boise	ID	Boise State Cycle Learning Center	beginner	mon	17:30	Boise State Cycle Learning Center
coeur-dalene-id-tuesday-classic	Tuesday Classic	Coeur d'Alene	ID	Coeur d'Alene Cycling Club		tue	17:30	Workhorse office
idaho-falls-id-daves-monday-night-road-ride	Dave's Monday Night Road Ride	Idaho Falls	ID	Dave's Bike Shop	beginner	mon	18:00	Dave's Bike Shop
pocatello-id-tuesday-easy-ride	Tuesday Night Easy Ride	Pocatello	ID	Idaho Cycling Enthusiasts (I.C.E.) with Barrie's Ski and Sports	beginner,no-drop	tue	18:00	Barrie's Ski and Sports
champaign-il-prairie-cycle-club-wednesday-evening-ride	Prairie Cycle Club Wednesday Evening Ride	Champaign	IL	Prairie Cycle Club	beginner	wed	18:15	El Toro at the Fields
cherry-valley-il-bbsc-monday-evening-ride	Blackhawk Monday Evening Ride	Cherry Valley	IL	Blackhawk Bicycle & Ski Club	beginner	mon	17:30	City parking lot across from Baumann Park
chicago-il-bff-bikes-beginner-intermediate-ride	BFF Bikes Beginner/Intermediate Ride	Chicago	IL	BFF Bikes	beginner,no-drop	sun	08:00	BFF Bikes
chicago-il-bff-bikes-thursday-wtf-social-ride	BFF Bikes Thursday WTF Social Ride	Chicago	IL	BFF Bikes	wtf,beginner,no-drop	thu	18:30	BFF Bikes
chicago-il-chicago-critical-mass	Chicago Critical Mass	Chicago	IL	Chicago Critical Mass		fri	18:00	Daley Plaza
chicago-il-chicago-united-saturday-ride	Chicago United Saturday BIPOC Ride	Chicago	IL	Chicago United	bipoc,no-drop	sat	08:00	Comrade Cycles
chicago-il-evolution-cycling-spiteful-thursday	Evolution Cycling Spiteful Thursday	Chicago	IL	Evolution Cycling	no-drop	thu	17:15	Walgreens parking lot, Andersonville
chicago-il-evolution-cycling-sunday-ride	Evolution Cycling Sunday Ride	Chicago	IL	Evolution Cycling	beginner	sun	08:00	Walgreens parking lot, Andersonville
chicago-il-femmes-thems-bike-chi-monthly-social-ride	Femmes + Thems Bike Chi Monthly Social Ride	Chicago	IL	Femmes + Thems Bike Chicago	wtf,lgbtq,no-drop,beginner	sat/sun		
chicago-il-half-acre-wednesday-night-for-mortals	Half Acre Cycling Wednesday Night for Mortals	Chicago	IL	Half Acre Cycling	beginner,no-drop	wed	18:00	Winnemac Park parking lot
chicago-il-mtc3-saturday-sunrise-ride	Major Taylor Cycling Club Chicago Saturday Sunrise Ride	Chicago	IL	Major Taylor Cycling Club Chicago	bipoc	sat	05:30	La Rabida Children's Hospital parking lot
chicago-il-mtc3-sunrise-ride	Major Taylor Cycling Club Chicago Sunrise Ride	Chicago	IL	Major Taylor Cycling Club Chicago	bipoc	mon/tue/wed/thu/fri	05:30	LA Fitness parking lot
chicago-il-southside-critical-mass	Southside Critical Mass	Chicago	IL	Southside Critical Mass		fri	18:15	Nichols Park
chicago-il-spidermonkey-saturday-ride	Spidermonkey Saturday Ride	Chicago	IL	Spidermonkey Cycling	beginner	sat	08:00	Hexe Coffee
chicago-il-streets-calling-bike-club-night-ride	Streets Calling Bike Club Night Ride	Chicago	IL	Streets Calling Bike Club	bipoc	thu	20:00	
chicago-il-turin-tubular-tuesday-trot	Turin Tubular Tuesday Trot	Chicago	IL	Turin Bicycle	no-drop	tue	18:00	Turin Bicycle
chicago-il-windy-city-cycling-club-casual-saturday	Windy City Cycling Club Casual Saturday	Chicago	IL	Windy City Cycling Club	lgbtq,beginner	sat	09:00	Kwa-Ma-Rolas totem pole, Addison St & Lakefront Trail
chicago-il-windy-city-cycling-club-sunday-morning	Windy City Cycling Club Sunday Morning Ride	Chicago	IL	Windy City Cycling Club	lgbtq	sun	08:00	Foster Ave & Lakefront Trail
chicago-il-xxx-racing-saturday-team-ride	xXx Racing Saturday Team Ride	Chicago	IL	xXx Racing-Athletico		sat	07:00	Wicker Park, SE corner of Damen Ave & N Wicker Park Ave
dunlap-il-ivw-tuesday-evening-ride	Illinois Valley Wheelm'n Tuesday Evening Ride	Dunlap	IL	Illinois Valley Wheelm'n	no-drop	tue	18:00	Dunlap Grade School
matteson-il-mtc3-monday-night-malarkey	Major Taylor Cycling Club Chicago Monday Night Malarkey	Matteson	IL	Major Taylor Cycling Club Chicago	bipoc,beginner	mon	18:00	Menards parking lot
normal-il-mclean-county-wheelers-show-and-go	McLean County Wheelers Weekend Show & Go	Normal	IL	McLean County Wheelers	no-drop,beginner	sat/sun	07:00	Underwood Park, Brander Shelter (Constitution Trail)
oak-park-il-oak-park-cycle-club-monday-social-ride	Oak Park Cycle Club Monday Social Ride	Oak Park	IL	Oak Park Cycle Club	beginner,no-drop	mon	17:00	NW corner of East Ave & Lake St, by the OPRF High School stadium
park-ridge-il-monday-night-social-ride	Park Ridge Cycling Club Monday Night Social Ride	Park Ridge	IL	Park Ridge Cycling Club	beginner	mon	18:15	Prospect Park
rockford-il-bbsc-saturday-ne-ride	Blackhawk Saturday NE Ride	Rockford	IL	Blackhawk Bicycle & Ski Club	no-drop	sat	09:00	Guilford High School parking lot
springfield-il-springfield-bicycle-club-rides	Springfield Bicycle Club Group Rides	Springfield	IL	Springfield Bicycle Club	beginner			
tinley-park-il-mtc3-big-ring	Major Taylor Cycling Club Chicago Big Ring	Tinley Park	IL	Major Taylor Cycling Club Chicago (MTC3)	bipoc	tue	18:00	Bartel Grasslands
bloomington-in-wednesday-world-bloomington-bicycles	Wednesday World pb Bloomington Bicycles	Bloomington	IN	Bloomington Bicycles		wed	18:00	E Kirkwood Ave & S Indiana Ave
fort-wayne-in-3rvs-monday-morning-meandering	3RVS Monday Morning Meandering and Musings	Fort Wayne	IN	Three Rivers Velo Sport	wtf,beginner	mon	10:00	
fort-wayne-in-3rvs-wednesday-d-ride	3RVS Wednesday D Ride	Fort Wayne	IN	Three Rivers Velo Sport	beginner	wed	18:15	Alternates between Huntertown Elementary and Arcola Elementary (check the club calendar)
indianapolis-in-bikeparty-indianapolis	BikeParty Indianapolis	Indianapolis	IN	BikeParty Indianapolis		fri	19:30	
indianapolis-in-riverside-riders	Riverside Riders	Indianapolis	IN	Riverside Riders		thu/sun	17:30	Riverside Park
indianapolis-in-bike-line-tuesday-thursday-ride	The Bike Line Tuesday & Thursday Road Ride	Indianapolis	IN	The Bike Line		tue/thu	19:00	The Bike Line, Broad Ripple
indianapolis-in-near-eastside-ride	Weekly Near Eastside Ride	Indianapolis	IN	Central Indiana Cycling	beginner	wed	18:00	Centerpoint Brewing
south-bend-in-bikes-and-brews	Bikes and Brews (formerly the Rollout)	South Bend	IN	Connect 574	beginner	thu	18:30	The old 7-11
south-bend-in-mba-monday-leisure-ride	MBA Monday Leisure Ride	South Bend	IN	Michiana Bicycle Association	no-drop,beginner	mon	18:00	Pinhook Park
emporia-ks-babes-on-bikes-wednesday-ride	Babes on Bikes Weekly Ride	Emporia	KS	Babes on Bikes Emporia	wtf	wed	18:00	700 block of Commercial St, downtown Emporia
lawrence-ks-the-sunday-chug	The Sunday Chug	Lawrence	KS	Sunflower Outdoor & Bike Shop		sun	08:30	Sunflower Outdoor & Bike Shop
lawrence-ks-velas-thursday-womens-ride	Velas Thursday Women's Ride	Lawrence	KS	Velas	wtf,beginner	thu	18:00	Sunflower Outdoor & Bike Shop
leawood-ks-brbc-monday-social-ride	BRBC Monday Social Ride	Leawood	KS	Blue River Bicycle Club	beginner,no-drop	mon	18:30	Elite Cycling at Mission Farms
manhattan-ks-final-fridays-critical-mass	Final Fridays (Critical Mass)	Manhattan	KS	Bike Walk MHK	beginner,no-drop	fri	19:00	Riley County Courthouse
topeka-ks-kvbc-dover-dogs-thursday-ride	KVBC Dover Dogs	Topeka	KS	Kaw Valley Bicycle Club	no-drop	thu	18:00	Western Hills Church, 29th & Auburn Rd
topeka-ks-kvbc-wednesday-slow-roll	KVBC Wednesday Slow Roll	Topeka	KS	Kaw Valley Bicycle Club	beginner,no-drop	wed	18:10	Washburn University parking lot, SW 20th & MacVicar
wichita-ks-bicycle-pedaler-monday-gravel-ride	Bicycle Pedaler Monday Gravel Ride	Wichita	KS	Bicycle Pedaler	no-drop	mon		
wichita-ks-kss-thursday-night-mtb-ride	KSS Thursday Night MTB Ride	Wichita	KS	Kansas Singletrack Society		thu	17:30	
bowling-green-ky-bikewalkbg-weekly-womens-ride	BikeWalkBG Weekly Community Women's Bike Ride	Bowling Green	KY	BikeWalkBG / City-County Planning Commission of Warren County	wtf,beginner	mon	17:30	Warren County Bike Safety Park at the Fringe
covington-ky-ridethecov-wednesday-series	RideTheCov Wednesday Series	Covington	KY	RideTheCov	beginner	wed	18:00	MainStrasse Village, Goose Girl Fountain
lexington-ky-first-friday-social-ride	First Friday Social Ride	Lexington	KY	Social Cycling Lexington	family,beginner	fri	18:00	Gratz Park
lexington-ky-pedal-power-country-boy-community-ride	Pedal Power x Country Boy Community Bike Ride	Lexington	KY	Pedal Power Bike Shop	no-drop,beginner	wed	18:30	Country Boy Brewing
louisville-ky-monnik-monday-recovery	Monnik Monday Recovery Ride	Louisville	KY	Crazy Ridenfaden Cyclists	beginner	mon	18:15	Monnik Beer Company
louisville-ky-ridenfaden-wednesday	Ridenfaden Wednesday	Louisville	KY	Crazy Ridenfaden Cyclists	no-drop	wed	18:00	Seidenfaden's
louisville-ky-outsiders-wednesday-social-ride	The Outsiders Wednesday Social Ride	Louisville	KY	The Outsiders Cycling Club	no-drop,beginner	wed	18:45	Trellis Brewing
baton-rouge-la-downtown-east-social-ride	Downtown East Social Ride	Baton Rouge	LA	Downtown East Social Ride	no-drop,beginner,family	mon	18:00	Outside City Roots at Electric Depot
baton-rouge-la-geaux-ride-thursday-night-community-ride	Geaux Ride Thursday Night Community Ride	Baton Rouge	LA	Geaux Ride	family,beginner	thu	19:45	Geaux Ride
lafayette-la-bike-lafayette-saturday-ride	Bike Lafayette Saturday Community Ride	Lafayette	LA	Bike Lafayette		sat		
new-orleans-la-getupnride-tuesday-ride	Get Up N Ride Tuesday Ride	New Orleans	LA	Get Up N Ride NOLA		tue	20:00	The Art Garage (meet-up changes from time to time; check the group's social pages)
new-orleans-la-nola-social-ride-happy-thursday	NOLA Social Ride Happy Thursday	New Orleans	LA	NOLA Social Ride	no-drop	thu	20:00	
new-orleans-la-nola-social-ride-thursday	NOLA Social Ride Thursday Night Ride	New Orleans	LA	NOLA Social Ride	beginner	thu		
shreveport-la-sb-rides-led-cruiser-ride	SB Rides LED Night Ride	Shreveport	LA	SB Rides	beginner	tue	20:00	Corner of Crockett St & Commerce St, downtown Shreveport (meet-up subject to change)
shreveport-la-shreveport-bicycle-club-saturday-ride	Shreveport Bicycle Club Saturday Ride	Shreveport	LA	Shreveport Bicycle Club		sat	07:30	Ellerbe Road Baptist Church
boston-ma-boston-bike-party	Boston Bike Party	Boston	MA	Boston Bike Party	no-drop	fri	19:00	Copley Square
boston-ma-landrys-boston-slow-roll-social-ride	Landry's Boston Slow Roll Social Ride	Boston	MA	Landry's Bicycles	beginner,no-drop	mon	18:00	Landry's Bicycles, Boston store
cambridge-ma-crw-praline-croissant-women-nb-ride	Praline Croissant Women's/NB Ride	Cambridge	MA	Charles River Wheelers	wtf	fri	06:30	Minuteman Bikeway Trailhead – Alewife
cambridge-ma-crw-speedy-croissant-women-nb-ride	Speedy Croissant Women/NB Ride	Cambridge	MA	Charles River Wheelers	wtf	tue	06:00	Minuteman Bikeway trailhead, Alewife
hyannis-ma-sea-sports-coffee-cruise	Sea Sports Coffee Cruise	Hyannis	MA	Sea Sports Cyclery & Outdoor	no-drop	sat	07:30	Sea Sports Cyclery & Outdoor
lexington-ma-contes-sunday-ride-b2c2	Conte's Sunday Ride p/b B2C2	Lexington	MA	B2C2 Cycling	beginner	sun	09:00	Conte's Bike Shop
newburyport-ma-riverside-cycle-judy-jam	The Judy Jam	Newburyport	MA	Riverside Cycle	no-drop	mon	17:30	Riverside Cycle, Newburyport
northampton-ma-ncc-wednesday-ab-ride	Northampton Cycling Club Wednesday A/B Ride	Northampton	MA	Northampton Cycling Club		wed	17:30	Pulaski Park
paxton-ma-seven-hills-wheelmen-tuesday-night-ride	Seven Hills Wheelmen Tuesday Night Ride	Paxton	MA	Seven Hills Wheelmen		tue	17:30	Paxton Center School
waltham-ma-gbnemba-tuesday-western-greenway-social-ride	GBNEMBA Tuesday Western Greenway Social Ride	Waltham	MA	Greater Boston NEMBA	no-drop	tue	18:00	Mighty Squirrel Brewing Co.
westwood-ma-landrys-needham-womens-nonbinary-mtb-ride	Landry's Needham Women's/Non-Binary MTB Ride	Westwood	MA	Landry's Bicycles with SE MA NEMBA	wtf,no-drop	tue	18:00	Hale Reservation, Cat Rock Field lot
annapolis-md-abrt-sunday-no-drop-ride	Sunday No-Drop Ride (ABRT Cycling)	Annapolis	MD	ABRT Cycling	no-drop	sun	08:00	Prince George St at USNA Barry Gate
baltimore-md-baltimore-bike-party	Baltimore Bike Party	Baltimore	MD	Baltimore Bike Party	no-drop,beginner,family	fri	19:00	St. Mary's Park
baltimore-md-taco-tuesday-ride	Taco Tuesday Ride	Baltimore	MD	Taco Tuesday Ride		tue		
bethesda-md-bethesda-bike-and-ski-sunday-shop-ride	Sunday Shop Ride (Bethesda Bike & Ski)	Bethesda	MD	Bethesda Bike & Ski		sun	09:00	Bethesda Bike & Ski
edgewater-md-parvilla-cycles-thursday-shop-ride	Thursday Parvilla Shop Ride	Edgewater	MD	Parvilla Cycles / ABRT Cycling		thu	17:30	Parvilla Cycles
frederick-md-frederick-pedalers-sunday-monocacy-ride	Sunday Ride from Monocacy Middle School (Frederick Pedalers)	Frederick	MD	Frederick Pedalers	no-drop,beginner	sun	09:30	Monocacy Middle School
silver-spring-md-goon-ride	Goon Ride	Silver Spring	MD	Community ride (listed by DC Paceline)		tue/thu	18:30	Veirs Mill Park
bangor-me-slipping-gears-saturday-morning-road-ride	Slipping Gears Saturday Morning Road Ride	Bangor	ME	Slipping Gears Cycling	beginner	sat	08:00	Slipping Gears Cycling
orono-me-rose-bike-womens-mtb-ride	Rose Bike Women's MTB Ride	Orono	ME	Rose Bike	wtf,no-drop	wed	17:00	Rose Bike (sometimes meets at other local trails)
portland-me-cyclemania-thursday-night-mountain-bike-ride	CycleMania Thursday Night Mountain Bike Ride	Portland	ME	CycleMania	no-drop,beginner	thu	18:00	CycleMania
portland-me-gorham-bike-friday-morning-coffee-ride	Gorham Bike & Ski Friday Morning Coffee Shop Road Ride	Portland	ME	Gorham Bike & Ski		fri	08:00	Gorham Bike & Ski, Portland
portland-me-gear-hub-mellow-monday-ride	Mellow Monday Ride	Portland	ME	Portland Gear Hub	beginner,no-drop	mon	18:10	Back Cove parking lot (opposite Hannaford)
portland-me-gear-hub-thursday-group-ride	Portland Gear Hub Thursday Group Ride	Portland	ME	Portland Gear Hub		thu	18:00	Portland Gear Hub
portland-me-queers-in-gear-saturday-ride	Queers in Gear Saturday Ride	Portland	ME	Queers in Gear	lgbtq,no-drop,beginner	sat	16:00	Portland Gear Hub
saco-me-gorham-bike-tuesday-night-gravel-ride	Gorham Bike & Ski Saco Tuesday Night Gravel Ride	Saco	ME	Gorham Bike & Ski		tue	18:00	Gorham Bike & Ski, Saco
south-portland-me-pvc-wednesday-night-ride	Portland Velo Club Wednesday Night Ride	South Portland	ME	Portland Velo Club		wed	17:30	South Portland High School parking lot
waterville-me-gorham-bike-wednesday-night-mountain-bike-ride	Gorham Bike & Ski Waterville Wednesday Night Mountain Bike Ride	Waterville	ME	Gorham Bike & Ski	no-drop	wed	18:00	Gorham Bike & Ski, Waterville
ann-arbor-mi-aavc-monday-social-road-ride	AAVC Monday Social Road Ride	Ann Arbor	MI	Ann Arbor Velo Club	no-drop,beginner	mon	18:00	
ann-arbor-mi-nacho-ride	Nacho Ride	Ann Arbor	MI	Nacho Ride		wed	18:00	Homes Brewery
detroit-mi-cruise-detroit	Cruise: Detroit	Detroit	MI	Cruise: Detroit	lgbtq			
detroit-mi-metropolis-cycles-monday-night-ride	Metropolis Cycles Monday Night Ride	Detroit	MI	Metropolis Cycles	no-drop	mon	19:00	Metropolis Cycles
detroit-mi-palmer-park-thursday-ride	People for Palmer Park Thursday Ride	Detroit	MI	People for Palmer Park		thu	18:30	Palmer Park Community House lot
detroit-mi-slow-roll-thursday-night-ride	Slow Roll Detroit Thursday Night Ride	Detroit	MI	Slow Roll Detroit / RiDetroit (Jason Hall)	no-drop,beginner,family	thu	18:30	Chroma Detroit
grand-rapids-mi-village-bike-tuesday-night-road-ride	Village Bike & Fitness Tuesday Night Road Ride	Grand Rapids	MI	Village Bike & Fitness	no-drop,beginner	tue	19:00	Riverside Park boat launch (Monroe & Knapp)
grand-rapids-mi-wednesday-evening-rides	Wednesday Evening Rides	Grand Rapids	MI	Wednesday Evening Rides		wed	20:00	Veterans Memorial Park
kalamazoo-mi-kbc-monday-night-ride	KBC Monday Night Ride	Kalamazoo	MI	Kalamazoo Bicycle Club	beginner	mon	18:00	Texas Drive Park
kalamazoo-mi-kbc-lgbtqia-allies-ride	KBC Sunday LGBTQIA+ Allies Ride	Kalamazoo	MI	Kalamazoo Bicycle Club	lgbtq,no-drop,beginner	sun	10:00	Rotates: 1st Sun Celery Flats (7328 Garden Ln, Portage); 2nd Sun Texas Drive Park (6603 Texas Dr, Kalamazoo); 3rd Sun Oshtemo Grange Hall (3234 N 3rd St); 4th Sun Kindleberger Park (Parchment)
lansing-mi-lansing-bike-party	Lansing Bike Party	Lansing	MI	Lansing Bike Party		fri	18:30	Lansing Bike Co-op
marquette-mi-quick-stop-tuesday-night-ride	Quick Stop Tuesday Night Ride	Marquette	MI	Quick Stop Bike Shop		tue	18:30	Behind Quick Stop Bike Shop
kalamazoo-mi-pedal-tuesday-queer-ride	PEDAL Tuesday Queer Ride	Portage	MI	PEDAL Bicycle	lgbtq,beginner	tue	18:00	Water Street Coffee (Portage)
traverse-city-mi-nmmba-community-group-ride	NMMBA Community Group Ride	Traverse City	MI	Northern Michigan Mountain Bike Association	no-drop,beginner	mon	18:30	VASA Singletrack trailhead lot
traverse-city-mi-wildcard-wednesday-night-ride	Wildcard Wednesday Night Ride	Traverse City	MI	Wildcard Cycleworks / Universal Racing / Shorts Brewing	beginner	wed	18:00	VASA Singletrack trailhead lot
duluth-mn-ski-hut-wednesday-social-ride	Ski Hut Wednesday Night Social Ride	Duluth	MN	The Ski Hut	beginner,no-drop	wed	18:00	Location announced weekly by email and social media
minneapolis-mn-angry-catfish-thursday-ftw-social-ride	Angry Catfish Thursday FTW Social Ride	Minneapolis	MN	Angry Catfish Bicycle	wtf,no-drop	thu	18:30	Angry Catfish Bicycle + Coffee Bar
minneapolis-mn-bonesaw-cycling-collective-tuesday-ride	Bonesaw Cycling Collective Summer Tuesday Ride	Minneapolis	MN	Bonesaw Cycling Collective	no-drop,beginner	tue	19:00	Cepro Site / Parque Monarca (Midtown Greenway at 10th Ave S)
minneapolis-mn-behind-bars-fixie-friday	Fixie Friday	Minneapolis	MN	Behind Bars Bicycle Shop	no-drop	fri	19:00	Behind Bars Bicycle Shop
minneapolis-mn-freewheel-wednesday-night-ride	Freewheel MPLS Wednesday Night Ride	Minneapolis	MN	Freewheel Bike	no-drop	wed	18:00	Freewheel Bike Minneapolis
minneapolis-mn-joyful-riders-club-monthly-ride	Joyful Riders Club Monthly Ride at Fulton	Minneapolis	MN	The Joyful Riders Club	no-drop,family,beginner	thu	18:00	Fulton Beer Taproom
minneapolis-mn-joyful-riders-dj-dance-ride	Joyful Riders DJ Dance Ride at Perennial Cycle	Minneapolis	MN	The Joyful Riders Club with Perennial Cycle	no-drop,family	sat	19:00	Perennial Cycle
minneapolis-mn-sociable-cider-recovery-wednesday-social-ride	Sociable Cider x Recovery Bike Shop Wednesday Social Ride	Minneapolis	MN	Recovery Bike Shop	no-drop,beginner	wed	18:00	Sociable Cider Werks
minneapolis-mn-utepils-cycling-sunday-rides	Utepils Cycling Sunday Road and MTB Rides	Minneapolis	MN	Utepils Cycling Friends	beginner	sun	10:00	Utepils Brewing
minnetonka-mn-cycle-unmapped-thursday-rides	Cycle Unmapped Thursday Rides	Minnetonka	MN	Cycle Unmapped (Unmapped Brewing)	no-drop,beginner	thu	18:00	Unmapped Brewing Co.
rochester-mn-rasc-monday-road-ride	RASC Monday Road Ride	Rochester	MN	Rochester Active Sports Community		mon	18:00	Bamber Valley Elementary School
chesterfield-mo-big-shark-west-saturday-gravel-growl	Big Shark West Saturday Gravel Growl	Chesterfield	MO	Big Shark Bicycle Company	no-drop	sat	07:30	Big Shark West (next to Kaldi's Coffee)
kansas-city-mo-girl-bike-gang-monday-ride	Girl Bike Gang Monday Ride	Kansas City	MO	Girl Bike Gang KC	wtf	mon		
kansas-city-mo-kc-critical-mass	KC Critical Mass	Kansas City	MO	KC Critical Mass	no-drop,beginner	fri	19:00	Sunfresh in Westport, back lot off 40th & Pennsylvania
kansas-city-mo-kc-family-bike-ride	KC Family Bike Ride	Kansas City	MO	KC Family Bike Ride	family,beginner	sun		Trolley Track Trail, Brookside
kansas-city-mo-women-led-cycling-wednesday-ride	Women-Led Cycling Wednesday Night Ride	Kansas City	MO	Women-Led Cycling	wtf	wed		Waldo, Kansas City, MO (start posted on Instagram)
richmond-heights-mo-big-shark-saturday-mellow-ride	Big Shark Saturday Mellow Ride	Richmond Heights	MO	Big Shark Bicycle Company	no-drop,beginner	sat	07:30	Big Shark Bicycle Company, Big Bend
springfield-mo-springbike-tuesday-night-ride	Springbike Tuesday Night Ride	Springfield	MO	Springbike Bicycle Club		tue	18:00	Bill and Payne Stewart Golf Course
st-louis-mo-south-side-cyclery-wednesday-evening-ride	South Side Cycling Club Wednesday Evening Ride	St. Louis	MO	South Side Cyclery / South Side Cycling Club	beginner	wed	18:00	South Side Cyclery
willard-mo-springbike-thursday-social-ride	Springbike Thursday Night Social Ride	Willard	MO	Springbike Bicycle Club	beginner	thu	18:00	Willard Trailhead, Frisco Highline Trail
biloxi-ms-bike-biloxi-monthly-ride	Bike Biloxi Monthly Ride	Biloxi	MS	Bike Biloxi	beginner	tue	18:00	Biloxi Visitors Center
canton-ms-jmc-tuesday-club-ride	JMC Tuesday Club Ride	Canton	MS	Jackson Metro Cyclists	beginner	tue	18:00	Canton Multi-Purpose Building
hattiesburg-ms-tuesday-night-worlds	Hattiesburg Tuesday Night Worlds	Hattiesburg	MS	Jed's Perfect Endurance Bikes		tue	17:30	Jackson Road, near Jed's Perfect Endurance Bikes
hattiesburg-ms-jeds-saturday-longleaf-trace-ride	Jed's Saturday Morning Ride	Hattiesburg	MS	Jed's Perfect Endurance Bikes	no-drop	sat	08:00	Longleaf Trace (location posted weekly)
jackson-ms-soul-city-cycling-monday-encouragement-ride	Soul City Cycling Monday Encouragement Ride	Jackson	MS	Soul City Cycling Mississippi	beginner	mon	18:00	
ocean-springs-ms-tato-nut-ride	First Saturday Ocean Springs Community Ride (Tato-Nut)	Ocean Springs	MS	TriHard Sports and Gulf Coast Bicycle Club	family,beginner	sat	09:00	Little Children's Park, Ocean Springs
pass-christian-ms-bay-night-ride	Bay Night Ride	Pass Christian	MS	Gulf Coast Bicycle Club		sat	17:30	War Memorial Park, Pass Christian
ridgeland-ms-jmc-thursday-ride	JMC Thursday Evening Ride	Ridgeland	MS	Jackson Metro Cyclists		thu		Parking lot behind Soulshine Pizza, or the office building across from Fleet Feet on Hwy 51
tupelo-ms-core-saturday-shop-ride	Saturday Core Shop Ride	Tupelo	MS	CORE Cycle + Outdoors	no-drop	sat	09:00	Core Cycle & Outdoor
tupelo-ms-core-thursday-spring-lake-ride	Thursday Spring Lake Ride	Tupelo	MS	CORE Cycle + Outdoors		thu	17:30	Spring Lake Community Center
tupelo-ms-core-tuesday-night-loop	Tuesday Night Loop	Tupelo	MS	CORE Cycle + Outdoors		tue	17:30	St. Luke Methodist Church
billings-mt-spoke-shop-monday-road-ride	Spoke Shop Monday Road Ride	Billings	MT	The Spoke Shop	beginner	mon	18:30	The Spoke Shop parking lot
bozeman-mt-alter-cycles-tuesday-ride	Alter Cycles Tuesday Mountain Bike Ride	Bozeman	MT	Alter Cycles		tue	18:00	Alter Cycles
great-falls-mt-gfbc-thursday-road-ride	Great Falls Bicycle Club Thursday Road Ride	Great Falls	MT	Great Falls Bicycle Club		thu	17:30	Gibson Park
helena-mt-hbc-thursday-evening-ride	Helena Bicycle Club Thursday Evening Ride	Helena	MT	Helena Bicycle Club		thu	18:00	Parking lot behind Four Georgians School, on Custer Ave
kalispell-mt-wheatons-saturday-night-roll-out	Saturday Night Roll-Out	Kalispell	MT	Wheaton's Cycle		sat	17:00	Wheaton's Cycle
kalispell-mt-wheatons-wednesday-night-trails	Wednesday Night Trails	Kalispell	MT	Wheaton's Cycle		wed	18:45	Herron Park
missoula-mt-montana-dirt-girls-tuesday	Montana Dirt Girls Tuesday Ride	Missoula	MT	Montana Dirt Girls	wtf,beginner,no-drop	tue	18:00	
missoula-mt-thursday-night-mountain-bike-group	Thursday Night Mountain Bike Group	Missoula	MT	Missoula Thursday Night Mountain Bike Group		thu	18:00	
asheville-nc-bears-community-ride	Bear's Community Ride	Asheville	NC	Asheville on Bikes	no-drop,beginner	wed	18:30	Bear's Smokehouse BBQ
asheville-nc-motion-makers-womens-mtb-ride	Motion Makers Women's Mountain Bike Ride	Asheville	NC	Motion Makers Bike Shop	wtf,no-drop	mon	18:00	Ledford Branch Trailhead, Bent Creek
boone-nc-magic-cycles-shop-ride	Magic Cycles Shop Ride	Boone	NC	Magic Cycles / Boone Area Cyclists		wed	17:30	Magic Cycles
charlotte-nc-charlotte-bike-party	Charlotte Bike Party	Charlotte	NC	Charlotte Bike Party	no-drop,beginner	fri	19:00	Birdsong Brewing
charlotte-nc-critical-mass	Charlotte Critical Mass	Charlotte	NC	Charlotte Urbanists		fri	19:00	First Ward Park
charlotte-nc-charlotte-thrives-queer-ride	Charlotte Thrives Monthly Ride	Charlotte	NC	Charlotte Thrives	lgbtq	sun		
charlotte-nc-dirt-divas-tuesday-mtb-ride	Dirt Divas Tuesday Ride	Charlotte	NC	Dirt Divas	wtf,beginner	tue	17:45	
charlotte-nc-plaza-midwood-tuesday-night-ride	Plaza Midwood Tuesday Night Ride (PMTNR)	Charlotte	NC	Charlotte Spokes People	no-drop,beginner	tue	20:00	Common Market Plaza Midwood
charlotte-nc-spoke-easy-wednesday-urban-ride	The Spoke Easy Wednesday Urban Ride	Charlotte	NC	The Spoke Easy		wed	19:00	The Spoke Easy
durham-nc-black-spoke-society-first-tuesday-ride	Black Spoke Society First Tuesday Social Ride	Durham	NC	Black Spoke Society	bipoc,lgbtq,no-drop,beginner	tue	18:00	CCB Plaza
durham-nc-first-friday-ride	First Friday Ride	Durham	NC	First Friday Ride	no-drop	fri	19:30	CCB Plaza
durham-nc-ride-around-durham	Ride Around Durham (RAD)	Durham	NC	Ride Around Durham	no-drop,beginner	thu	18:30	Duke Chapel
durham-nc-the-daily-womens-plus-ride	The Daily Women's+ Ride	Durham	NC	The Daily Athletic Club	wtf,no-drop	sat	09:00	The Daily Beer Bar
durham-nc-twig-cruiser-ride	TWIG Cruiser Ride	Durham	NC	TWIG Bike Durham	wtf,lgbtq,no-drop,beginner	sun	14:00	CCB Plaza
gastonia-nc-ride-a-bike-happy-tuesday-ride	Ride-A-Bike Happy Tuesday Ride	Gastonia	NC	Ride A Bike Bicycle Shop	no-drop,beginner	tue	18:00	Ride A Bike Bicycle Shop
greensboro-nc-cycles-de-oro-easy-riders-tuesday	Cycles de ORO Easy Riders Ride	Greensboro	NC	Cycles de ORO	beginner	tue	18:00	Cycles de ORO
greensboro-nc-cycles-de-oro-saturday-social-ride	Cycles de ORO Saturday Social Ride	Greensboro	NC	Cycles de ORO		sat	10:00	Cycles de ORO
pisgah-forest-nc-hub-wednesday-shop-ride	The Hub & Pisgah Tavern Wednesday Shop Ride	Pisgah Forest	NC	The Hub & Pisgah Tavern	no-drop	wed		The Hub & Pisgah Tavern
raleigh-nc-coffee-outside	Coffee Outside Raleigh	Raleigh	NC	Oaks & Spokes	beginner	fri	07:30	Oak City Cycling
raleigh-nc-crank-arm-wednesday-ride	Crank Arm Wednesday Bike Ride	Raleigh	NC	Crank Arm Brewing	no-drop	wed	19:00	Crank Arm Brewing
raleigh-nc-critical-mass	Raleigh Critical Mass	Raleigh	NC	Oaks & Spokes		fri	19:00	NC State Memorial Belltower
raleigh-nc-green-line-bike-bus	The Green Line Commuter Bike Bus	Raleigh	NC	Oaks & Spokes	beginner	wed	07:30	Lockwood Park
wilmington-nc-cfc-cargo-district-thursday	Cargo District Thursday	Wilmington	NC	Cape Fear Cyclists	beginner	thu	18:00	Alcove Beer Garden
wilmington-nc-cfc-coffee-and-a-roll-sunday	Coffee & A Roll Sunday Ride	Wilmington	NC	Cape Fear Cyclists	beginner	sun	08:00	Greenfield Lake Park, main parking lot
winston-salem-nc-ride-like-a-fish	Ride Like a Fish	Winston-Salem	NC	BeersNGears	no-drop,beginner	mon	18:15	Fiddlin' Fish Brewing Co. (lot across 8th St)
bismarck-nd-701-co-ed-road-group-ride	701 Co-Ed Road Group Ride (Red Barn Route)	Bismarck	ND	701 Cycle and Sport		wed	18:00	Pioneer Park
bismarck-nd-701-womens-mtb-group-ride	701 Women's MTB Group Ride	Bismarck	ND	701 Cycle and Sport	wtf	mon	18:00	
fargo-nd-gnbc-monday-riding-101	Great Northern Monday Riding 101 Ride	Fargo	ND	Great Northern Bicycle Company	beginner,no-drop	mon	18:00	Great Northern Bicycle Co.
fargo-nd-gnbc-thursday-wow-road-ride	Great Northern W.O.W. (Women on Wheels) Road Ride	Fargo	ND	Great Northern Bicycle Company	wtf,no-drop	thu	18:00	Great Northern Bicycle Co.
grand-forks-nd-sbs-monday-gravel-ride	Ski & Bike Shop Monday Gravel Ride	Grand Forks	ND	Ski & Bike Shop	no-drop,beginner	mon	18:00	Ski & Bike Shop
grand-forks-nd-sbs-thursday-road-ride	Ski & Bike Shop Thursday Road Ride	Grand Forks	ND	Ski & Bike Shop	no-drop	thu	18:00	Ski & Bike Shop
lincoln-ne-tuesday-nacho-ride	Tuesday Nacho Ride	Lincoln	NE	Nacho Ride (informal)	beginner,family	tue	17:30	MoPac East trailhead, 84th St & N Hazelwood
omaha-ne-opbc-saturday-morning-easy-trail-ride	Omaha Pedalers Saturday Morning Easy Trail Ride	Omaha	NE	Omaha Pedalers Bicycle Club	beginner,no-drop	sat	09:00	Stinson Park restrooms, Aksarben Village
omaha-ne-bike-way-omaha-velo-monday-shop-ride	The Bike Way / Omaha Velo Monday Shop Ride	Omaha	NE	Omaha Velo / The Bike Way		mon	18:15	The Bike Way
papillion-ne-tuesday-night-womens-gravel-ride	Tuesday Night Women's Gravel Ride	Papillion	NE	Omaha Velo / The Bike Way	wtf	tue	18:00	Papio South
dover-nh-dover-cyclery-thirsty-turtle	Thirsty Turtle	Dover	NH	Dover Cyclery	beginner	thu	18:00	Dover Cyclery
manchester-nh-qc-bike-sunday-morning-over-easy	Sunday Morning Over Easy	Manchester	NH	Queen City Bicycle Collective	beginner,family	sun	10:00	QC Bike Collective
portsmouth-nh-mama-wheelies-wednesday-ladies-ride	Mama Wheelies Ladies Group Ride	Portsmouth	NH	Mama Wheelies	wtf	wed	17:45	Papa Wheelies Bicycle Shop
portsmouth-nh-papa-wheelies-monday-night-road-ride	Papa Wheelies Monday Night Road Ride	Portsmouth	NH	Papa Wheelies Bicycle Shop		mon	18:00	Papa Wheelies parking lot
hopewell-nj-sourland-cycles-saturday-no-drop-ride	Saturday No-Drop Road Ride (Sourland Cycles)	Hopewell	NJ	Sourland Cycles	no-drop,beginner	sat	09:00	Sourland Cycles
hopewell-nj-sourland-cycles-womens-wednesday-road-ride	Women's Wednesday Road Ride (Sourland Cycles)	Hopewell	NJ	Sourland Cycles	wtf,no-drop,beginner	wed	18:00	Sourland Cycles
jersey-city-nj-bike-jc-light-up-ride	Bike JC Light-Up Ride	Jersey City	NJ	Bike JC	beginner,family	fri	19:30	Grove Street PATH plaza
montclair-nj-montclair-bikery-friday-ladies-ride	Friday Ladies Ride (Montclair Bikery)	Montclair	NJ	Montclair Bikery	wtf	fri	09:00	Montclair Bikery
montclair-nj-montclair-bikery-saturday-shop-ride	Saturday Shop Ride (Montclair Bikery)	Montclair	NJ	Montclair Bikery		sat	08:00	Montclair Bikery
morristown-nj-martys-monday-womens-ride	Marty's Monday Women's Ride	Morristown	NJ	Marty's Reliable Cycle	wtf,no-drop,beginner	mon	09:30	Loantaka Park
morristown-nj-martys-tuesday-evening-road-ride	Marty's Tuesday Evening Road Ride	Morristown	NJ	Marty's Reliable Cycle		tue	18:00	Loantaka Park
red-bank-nj-jsts-weeknight-rides	JSTS Weeknight Rides (Jersey Shore Touring Society)	Red Bank	NJ	Jersey Shore Touring Society		tue/wed/thu	17:15	Varies by day: Michael J. Tighe Park, Freehold (Tue); Holmdel Park (Wed); Brookdale Community College, Lincroft (Thu)
albuquerque-nm-nmts-saturday-easy-group-ride	NMTS Saturday Easy Group Ride	Albuquerque	NM	New Mexico Touring Society	beginner	sat	09:00	Open Space Shining River parking lot
albuquerque-nm-nmts-sunday-bosque-trail-ride	NMTS Sunday Bosque Trail Ride	Albuquerque	NM	New Mexico Touring Society		sun	09:00	Open Space Shining River parking area
las-cruces-nm-bike-and-chowder-club-rides	Bike & Chowder Club Rides	Las Cruces	NM	Bike & Chowder	beginner	sun/tue/thu/sat	08:00	Mesilla Plaza
santa-fe-nm-santa-fe-road-riders-weekend-rides	Santa Fe Road Riders Weekend Rides	Santa Fe	NM	Santa Fe Road Riders		sat/sun		
santa-fe-nm-seniors-on-bikes-tuesday-ride	Santa Fe Seniors on Bikes Tuesday Ride	Santa Fe	NM	Santa Fe Seniors on Bikes		tue	09:00	DeVargas Mall
las-vegas-nv-giant-summerlin-saturday-road-ride	Giant Las Vegas Summerlin Saturday Road Ride	Las Vegas	NV	Giant Las Vegas	beginner,no-drop	sat	07:00	Giant Las Vegas – Summerlin
blue-diamond-nv-giant-las-vegas-tuesday-night-mtb-ride	Giant Las Vegas Tuesday Night MTB Ride	Las Vegas	NV	Giant Las Vegas	no-drop	tue	19:00	Town of Blue Diamond
las-vegas-nv-pedal-and-pour-sunday-coffee-ride	Pedal & Pour Sunday Coffee Ride	Las Vegas	NV	Pedal & Pour	beginner	sun		Pedal & Pour
reno-nv-bike-night-reno	Bike Night Reno	Reno	NV	Bike Night Reno	beginner	wed	20:15	Reno City Plaza (Believe sign / Space Whale)
reno-nv-reno-wheelmen-wednesday-group-ride	Reno Wheelmen Wednesday Group Ride	Reno	NV	Reno Wheelmen		wed	17:30	
sparks-nv-reno-wheelmen-sparks-group-ride	Sparks Group Ride	Sparks	NV	Reno Wheelmen (Pedal Sports ride series)	beginner	sat	10:00	Sierra Bicycle Supply
beacon-ny-beacon-bicycle-coalition-monthly-group-ride	Beacon Bicycle Coalition Monthly Group Ride	Beacon	NY	Beacon Bicycle Coalition	beginner	thu	18:00	The Dummy Light
bethpage-ny-massapequa-park-bicycle-club-rides	Massapequa Park Bicycle Club Rides	Bethpage	NY	Massapequa Park Bicycle Club		tue/thu/sat/sun	08:30	Bethpage Public Library (most common start; others on the calendar)
brooklyn-ny-dawn-patrol-prospect-park	Dawn Patrol	Brooklyn	NY	Dawn Patrol	wtf	thu	07:00	Grand Army Plaza
brooklyn-ny-east-brooklyn-bike-club-wednesday-ride	East Brooklyn Bike Club Wednesday Ride	Brooklyn	NY	East Brooklyn Bike Club with Citi Bike	beginner,no-drop	wed	17:00	Citi Bike station at Zion Triangle
brooklyn-ny-nightcap-monday-ride	NightCAP Ride (Cyclists Against Patriarchy)	Brooklyn	NY	NightCAP Brooklyn	wtf,lgbtq	mon	18:45	
brooklyn-ny-non-binary-bike-club-wednesday	Non Binary Bike Club Wednesday Ride	Brooklyn	NY	Non Binary Bike Club	lgbtq,no-drop	wed	19:00	Fort Greene Park, just inside the Willoughby Ave / Washington Park entrance
brooklyn-ny-queer-joyride-tuesday	Queer Joyride	Brooklyn	NY	Queer Joyride NYC	lgbtq	tue	19:12	Grand Army Plaza
buffalo-ny-slow-roll-buffalo-monday-night-community-ride	Slow Roll Buffalo Monday Night Community Ride	Buffalo	NY	Slow Roll Buffalo (Wheel B Herd)	no-drop,beginner,family	mon	18:30	
buffalo-ny-slow-spokes-tuesday-wilkeson-pointe-ride	Slow Spokes Tuesday Ride at Wilkeson Pointe	Buffalo	NY	Slow Spokes USA	no-drop,beginner	tue	18:00	Perro & Poni
camillus-ny-onondaga-cycling-club-tuesday-slow-n-easy	OCC Tuesday Slow N' Easy Ride	Camillus	NY	Onondaga Cycling Club	beginner,no-drop,family	tue	18:00	Reed Webster Park
greenlawn-ny-huntington-bicycle-club-weekend-rides	Huntington Bicycle Club Weekend Rides	Greenlawn	NY	Huntington Bicycle Club		sat/sun	08:00	Smith Street Lot
ithaca-ny-flcc-womens-road-ride	FLCC Women's Road Ride	Ithaca	NY	Finger Lakes Cycling Club	wtf,no-drop,beginner	wed	18:00	East Hill Plaza, parking lot behind Tompkins Community Bank
jackson-heights-ny-34th-ave-citi-bike-saturday-ride	34th Avenue Citi Bike Weekly Ride	Jackson Heights	NY	34th Avenue Open Streets Coalition with Citi Bike	beginner,no-drop	sat	10:00	Citi Bike station, 34th Avenue between 93rd & 94th Streets
lockport-ny-slow-spokes-friday-ride	Slow Spokes Friday Ride in Lockport	Lockport	NY	Slow Spokes USA	no-drop,beginner	fri	18:00	Wide Waters Cafe
new-york-ny-achilles-citi-bike-adaptive-cycling-central-park	Achilles + Citi Bike Adaptive Cycling (Central Park)	New York	NY	Achilles International with Citi Bike	adaptive,beginner	tue/sat	17:00	Central Park
new-york-ny-black-girls-do-bike-nyc-weekend-rides	Black Girls Do Bike NYC Weekend Rides	New York	NY	Black Girls Do Bike NYC	bipoc,wtf,beginner	sat/sun	10:00	Varies. Beginner rides meet at Trek Bicycle Upper West Side (72nd St)
new-york-ny-5bbc-weekend-day-rides	Five Borough Bicycle Club Day Rides	New York	NY	Five Borough Bicycle Club (5BBC)	beginner	sat/sun	10:30	
new-york-ny-front-runners-sunday-bike-rides	Front Runners New York Sunday Bike Rides	New York	NY	Front Runners New York	lgbtq	sun		George Washington Bridge (most rides), then north on Route 9W
new-york-ny-intandem-central-park-tandem-rides	InTandem Weekly Central Park Rides	New York	NY	InTandem Cycling	adaptive	tue/wed/thu/sat/sun		Central Park (exact meeting point is shared at orientation)
new-york-ny-nycc-weekend-club-rides	New York Cycle Club Weekend Rides	New York	NY	New York Cycle Club		sat/sun		
new-york-ny-critical-mass-last-friday	NYC Critical Mass	New York	NY	TIME'S UP!		fri	19:00	Union Square North
new-york-ny-outcycling-weekend-training-series	OutCycling Weekend Training Series	New York	NY	OutCycling	lgbtq	sat		
new-york-ny-outcycling-weekly-park-laps	OutCycling Weekly Park Laps	New York	NY	OutCycling	lgbtq			
new-york-ny-thursday-night-social-bikeride	Thursday Night Social Bikeride	New York	NY	Time's Up! Environmental Organization	no-drop	thu	19:00	Columbus Circle entrance of Central Park
queens-ny-queens-social-ride-sunday	Queens Social Ride	Queens	NY	Queens Social Ride		sun	09:00	The Unisphere, Africa side, Flushing Meadows Corona Park
rochester-ny-just-for-giggles-monday-night-brewery-ride	Just for Giggles Monday Night Ride	Rochester	NY	Just for Giggles Cycling	no-drop	mon/sat	18:15	Three Heads Brewing
rochester-ny-rochester-bike-gang-thursday-ride	Rochester Bike Gang Thursday Ride	Rochester	NY	Rochester Bike Gang	no-drop,beginner	thu	19:30	Parcel 5
rotterdam-ny-mhcc-tuesday-evening-river-ride	MHCC Tuesday Evening River Ride	Rotterdam	NY	Mohawk Hudson Cycling Club		tue	18:30	Kiwanis Park
scarsdale-ny-dannys-cycles-sunday-road-ride	Danny's Cycles Scarsdale Sunday Road Ride	Scarsdale	NY	Danny's Cycles	no-drop	sun	09:30	Danny's Cycles Scarsdale
staten-island-ny-siba-saturday-morning-ride	SIBA Saturday Morning Ride	Staten Island	NY	Staten Island Bicycling Association		sat	08:30	Miller Field parking lot
white-plains-ny-wcc-usi-monday-night-ride	WCC USI Monday Night Ride	White Plains	NY	Westchester Cycle Club		mon	18:00	Waller Ave. parking lot
athens-oh-sunday-lake-hope-mountain-bike-ride	Athens Bicycle Club Sunday Lake Hope MTB Ride	Athens	OH	Athens Bicycle Club		sun	09:45	Lake Hope State Park, Four Points area
cincinnati-oh-biowheels-monday-night-tour-de-indian-hill	BioWheels Monday Night Tour de Indian Hill	Cincinnati	OH	BioWheels Workshop	no-drop	mon	18:00	BioWheels Workshop
cincinnati-oh-ride-pleasant-streets	Ride Pleasant Streets	Cincinnati	OH	Ride Pleasant Streets	beginner	sat	14:05	Community Happens Here
cincinnati-oh-ubbc-tuesday-night-ride	UBBC Tuesday Night Ride	Cincinnati	OH	Urban Basin Bicycle Club	no-drop,beginner	tue	18:15	Washington Park gazebo
cleveland-oh-cycle-canalway-sunday-social-ride	Cycle Canalway Sunday Social Ride	Cleveland	OH	Canalway Partners	beginner	sun	10:00	Canal Basin Park
cleveland-oh-slow-roll-cleveland	Slow Roll Cleveland	Cleveland	OH	Slow Roll Cleveland	no-drop,beginner,family	mon	19:00	
columbus-oh-cafe-hero-sunday-ride	Cafe Hero Sunday Ride	Columbus	OH	Cafe Hero	no-drop	sun		Hoof Hearted Brewing (5th Ave)
columbus-oh-columbus-friday-night-ride	Columbus Friday Night Ride	Columbus	OH	Columbus Friday Night Ride		fri	19:00	Topiary Park, Town St entrance
columbus-oh-thursday-night-central-columbus-metro-parks-ride	Thursday Night Central Columbus & Metro Parks Ride	Columbus	OH	Outdoor Pursuits	no-drop,beginner	thu	18:30	Nocterra Brewing bike racks, Scioto Audubon Metro Park
columbus-oh-wheels-of-color-thursday-night-ride-therapy	Wheels of Color Thursday Night Ride Therapy	Columbus	OH	Wheels of Color	bipoc	thu	18:15	Michaels – Easton (south parking lot)
lakewood-oh-ctc-monday-rocky-river-social-ride	Cleveland Touring Club Monday Rocky River Social Ride	Lakewood	OH	Cleveland Touring Club	beginner,no-drop	mon	18:00	Emerald Necklace (Rocky River) Marina parking lot
milford-oh-bishops-thursday-casual-ride	Thursday Bishop's Casual Ride	Milford	OH	Cincinnati Cycle Club	no-drop,beginner	thu	18:15	Bishop's Bicycles
munroe-falls-oh-abc-monday-evening-ride	ABC Monday Evening Ride	Munroe Falls	OH	Akron Bicycle Club	no-drop,beginner	mon	18:00	Brust Park
springboro-oh-dcc-kesling-park-ride	DCC Kesling Park Ride	Springboro	OH	Dayton Cycling Club	no-drop	thu	18:00	Kesling Park, front lot by the basketball court
sylvania-oh-tab-windsday-ride	TAB Windsday Ride	Sylvania	OH	Toledo Area Bicyclists		wed	18:30	Pacesetter Park
willoughby-oh-ctc-wednesday-north-chagrin-social-ride	Cleveland Touring Club Wednesday North Chagrin Social Ride	Willoughby	OH	Cleveland Touring Club	beginner	wed	18:00	North Chagrin Nature Center
edmond-ok-obs-edmond-tuesday-casual-ride	Edmond Tuesday Casual Ride	Edmond	OK	Oklahoma Bicycle Society	no-drop,beginner	tue	18:16	Edmond City Hall
edmond-ok-phat-tire-monday-arcadia-trails-mtb	Monday Nights at Arcadia Trails	Edmond	OK	Phat Tire Bike Shop	no-drop,beginner	mon	18:45	Post Road parking lot, under the Edmond water tower (northeast side of Arcadia Lake)
edmond-ok-phat-tire-tuesday-night-road-ride	Phat Tire Edmond Tuesday Night Road Ride	Edmond	OK	Phat Tire Bike Shop	no-drop	tue	18:10	Phat Tire Bike Shop Edmond, Spring Creek Shopping Center
norman-ok-lazy-circles-wednesday-night-ride	Lazy Circles Wednesday Night Ride	Norman	OK	Bicycle League of Norman with Phat Tire Norman and local shops	beginner	wed	18:30	Lazy Circles Brewing
oklahoma-city-ok-phat-tire-lake-to-lake-friday-ride	Lake to Lake Friday Ride	Oklahoma City	OK	Phat Tire Bike Shop	no-drop	fri	18:30	Phat Tire Bike Shop, Oklahoma City (May Avenue)
oklahoma-city-ok-obs-donut-ride	OBS Donut Ride	Oklahoma City	OK	Oklahoma Bicycle Society	no-drop,beginner	sat	09:04	Will Rogers Park Tennis Center, east end of parking lot
tulsa-ok-tbc-saturday-nomad-leisurely-ride	Saturday Morning Nomad Leisurely Ride	Tulsa	OK	Tulsa Bicycle Club	no-drop,beginner	sat	08:00	Varies weekly (recent: Sapulpa, Sand Springs); see the club calendar
tulsa-ok-tbc-tuesday-evening-leisurely-ride	Tuesday Evening Leisurely Ride	Tulsa	OK	Tulsa Bicycle Club	no-drop,beginner	tue	18:00	River Parks parking lot, 68th & Riverside (overflow at Tom's Bicycles)
ashland-or-cycle-sport-wednesday-night-mtb	Ashland Cycle Sport Wednesday Night MTB Ride	Ashland	OR	Ashland Cycle Sport		wed	17:30	Ashland Cycle Sport
ashland-or-handlebar-tuesday-shop-ride	The Handlebar Tuesday Shop Ride	Ashland	OR	The Handlebar		tue	17:30	The Handlebar
bend-or-tuesday-night-rubber-mallet	Tuesday Night Rubber Mallet	Bend	OR	Rubber Mallet (informal group ride)		tue	17:30	Jackson's Outpost at The Grove
corvallis-or-mvbc-tenners-saturday-ride	MVBC Tenners Saturday Social Ride	Corvallis	OR	Mid-Valley Bicycle Club	no-drop,beginner	sat	09:00	Osborn Aquatic Center
eugene-or-gears-wtnb-wednesday-ride	GEARs WTNB Wednesday Ride	Eugene	OR	GEARs (Greater Eugene Area Riders)	wtf,beginner	wed	18:00	Alton Baker Park
eugene-or-klink-cycles-social-ride	Klink Cycles Social Ride	Eugene	OR	Klink Cycles	beginner,family	wed	18:30	Klink Cycles
keizer-or-keizer-family-ride	Keizer Family Ride	Keizer	OR	Salem Bicycle Club	family,beginner	thu	18:30	Cummings Elementary School
portland-or-gay-gravel-group	Gay Gravel Group	Portland	OR	Gay Gravel Group PDX	lgbtq	wed	17:30	Cycle Town Coffee Roasters
portland-or-ride-safe-pdx-thursdays	Ride Safe PDX Thursdays	Portland	OR	Ride Safe PDX	lgbtq,no-drop,beginner	thu	18:30	Colonel Summers Park
portland-or-pbc-slow-poke-ride	Slow Poke Ride from St Matthews Church	Portland	OR	Portland Bicycling Club		thu	10:00	St Matthew's Anglican Church
portland-or-sorella-forte-saturday-ride	Sorella Forte Saturday Ride	Portland	OR	Sorella Forte	wtf,no-drop	sat	09:00	River City Bicycles parking lot
portland-or-thursday-night-ride	Thursday Night Ride	Portland	OR	Thursday Night Ride (TNR)	no-drop	thu	19:00	Salmon Street Springs
tualatin-or-pbc-saturday-tualatin-ride	Saturday Tualatin Ride	Tualatin	OR	Portland Bicycling Club		sat	09:00	Tualatin Community Park
bethlehem-pa-cat-womens-ride	CAT Women's Ride	Bethlehem	PA	CAT – Coalition for Appropriate Transportation	wtf,no-drop,beginner	wed	18:00	Charles A. Brown Ice House, Sand Island
erie-pa-slow-roll-erie	Slow Roll Erie	Erie	PA	Slow Roll Erie	no-drop,beginner	thu	18:00	West Perry Square, by the artistic bike rack
fairview-pa-girls-gone-cycle-monday-ride	Girls Gone Cycle Monday Ride	Fairview	PA	Girls Gone Cycle	wtf,beginner	mon	18:00	Walnut Creek Middle School parking lot
lancaster-pa-lbc-tuesday-training-ride	Tuesday Training Ride (Lancaster Bicycle Club)	Lancaster	PA	Lancaster Bicycle Club		tue	18:00	Calvary Church
mechanicsburg-pa-hbc-ua-friendship-park-rides	UA Friendship Park Evening Rides (Harrisburg Bicycle Club)	Mechanicsburg	PA	Harrisburg Bicycle Club		tue/thu	17:40	Upper Allen Friendship Park
philadelphia-pa-philly-gravel-club-apres-gravel	Après Gravel (Philly Gravel Club)	Philadelphia	PA	Philly Gravel Club	beginner,no-drop	mon	18:00	Gustine Lake Recreation Center
philadelphia-pa-papertrail-gravel-espresso	Gravel Espresso (PAPERtrail Bike Cafe)	Philadelphia	PA	PAPERtrail Bike Cafe	no-drop,beginner	wed	18:00	PAPERtrail Bike Cafe
philadelphia-pa-laurel-hill-fridays	Laurel Hill Fridays	Philadelphia	PA	Laurel Hill Fridays	wtf	fri	06:45	
philadelphia-pa-rar-philadelphia-group-rides	RAR Philadelphia Group Rides	Philadelphia	PA	Radical Adventure Riders Philadelphia	wtf,bipoc,lgbtq,no-drop			
philadelphia-pa-bcp-sunny-sunday-d-ride	Sunny Sunday D Ride (Bicycle Club of Philadelphia)	Philadelphia	PA	Bicycle Club of Philadelphia	beginner,no-drop	sun	12:00	Azalea Garden formal entrance, behind the Art Museum
philadelphia-pa-wednesday-night-rides	Wednesday Night Rides	Philadelphia	PA	Wednesday Night Rides	beginner,no-drop	wed	19:00	
pittsburgh-pa-pmtcc-wednesday-ride	Major Taylor Cycling PGH Wednesday Ride	Pittsburgh	PA	Pittsburgh Major Taylor Cycling Club	bipoc,no-drop	wed	18:00	Tunnel Blvd & S 27th St, South Side (by OTB Bicycle Cafe)
pittsburgh-pa-pgh-babes-on-bikes-frigid-witch-training-rides	Pgh Babes on Bikes Frigid Witch Training Rides	Pittsburgh	PA	Pittsburgh Babes on Bikes	wtf	sun	13:00	Two Frays Brewing
pittsburgh-pa-team-decaf-tuesday-ride	Team Decaf Tuesday Ride	Pittsburgh	PA	Western PA Bicycle Club (Team Decaf)		tue	18:00	Highland Park entrance (welcome sculptures), top of N Highland Ave at Reservoir Dr
state-college-pa-sccc-tuesday-ride	State College Cycling Club Tuesday Ride	State College	PA	State College Cycling Club		tue	18:00	
newport-ri-bike-newport-full-moon-ride	Bike Newport Full Moon Ride	Newport	RI	Bike Newport			17:25	Equality Park
newport-ri-ten-speed-spokes-friday-womens-ride	Ten Speed Spokes Friday Morning Women's Ride	Newport	RI	Ten Speed Spokes	wtf,no-drop	fri	06:30	Ten Speed Spokes
providence-ri-dash-bicycle-first-sunday-ride	Dash Bicycle First Sunday Ride	Providence	RI	Dash Bicycle		sun	10:00	Dash Bicycle Shop
providence-ri-providence-bike-jam	Providence Bike Jam	Providence	RI	Providence Bike Jam	no-drop,beginner	fri		Varies (Burnside Park and India Point Park are common)
awendaw-sc-coastal-cyclists-friday-social-beginner-ride	Awendaw Friday Social (Beginner) Ride	Awendaw	SC	Coastal Cyclists	beginner,no-drop	fri	10:00	Sewee Outpost
daniel-island-sc-coastal-cyclists-daniel-island-ride	Daniel Island Sunday Ride	Charleston	SC	Coastal Cyclists	no-drop,beginner	sun	10:00	Guggenheim Park
columbia-sc-cola-wtfnb-cyclists-ride	Cola Women/Trans/Femme/Non-binary Cyclists Ride	Columbia	SC	Cola Town Bike Collective	wtf,lgbtq,no-drop,beginner	wed	18:30	
columbia-sc-cycle-center-sunday-ride	Cycle Center Sunday Morning Ride	Columbia	SC	Cycle Center		sun	09:00	Cycle Center
greenville-sc-bike-and-tri-saturday-shop-ride	Greenville Bike & Tri Saturday Shop Ride	Greenville	SC	Greenville Bike & Tri		sat	08:00	Greenville Bike & Tri
greenville-sc-spinners-sctac-tuesday-ride	Greenville Spinners SCTAC Tuesday Ride	Greenville	SC	Greenville Spinners Bicycle Club		tue	18:00	Greenville Spinners parking lot at SCTAC
rock-hill-sc-rhbc-slow-spokes	Rock Hill Bicycle Club Slow Spokes	Rock Hill	SC	Rock Hill Bicycle Club	beginner,no-drop	tue	09:00	Cherry Park (far side of the parking lot)
rock-hill-sc-rhbc-womens-wednesday-ride	Rock Hill Bicycle Club Women's Wednesday Ride	Rock Hill	SC	Rock Hill Bicycle Club	wtf,no-drop,beginner	wed	18:30	Wells Fargo parking lot
sullivans-island-sc-coastal-cyclists-social-fun-sunday	Social Fun Sunday	Sullivan's Island	SC	Coastal Cyclists	no-drop,beginner	sun	10:00	Harris Teeter, Sullivan's Island
rapid-city-sd-bhbh-ladies-rides	Black Hills Bike Hub Ladies Rides	Rapid City	SD	Black Hills Bike Hub	wtf,no-drop,beginner	thu	18:00	
rapid-city-sd-bhbh-chilly-nights-chill-rides	Chilly Nights, Chill Rides	Rapid City	SD	Black Hills Bike Hub	beginner	thu		
sioux-falls-sd-fab-moon-and-stars-ride	FAB Moon & Stars Ride	Sioux Falls	SD	Falls Area Bicyclists			19:30	
sioux-falls-sd-fab-saturday-coffee-shop-ride	FAB Saturday Coffee Shop Ride	Sioux Falls	SD	Falls Area Bicyclists		sat	09:00	
sioux-falls-sd-sfbc-first-friday-mtb-ride	First Friday Rides	Sioux Falls	SD	Sioux Falls Bicycle Company		fri	17:30	Sioux Falls Bicycle Company
sioux-falls-sd-spoke-n-sport-donut-ride	Spoke-N-Sport Donut Ride	Sioux Falls	SD	Spoke-N-Sport		sat	08:30	Spoke-N-Sport
sioux-falls-sd-sfbc-wednesday-joy-ride	Wednesday Joy Ride	Sioux Falls	SD	Sioux Falls Bicycle Company		wed	18:30	Sioux Falls Bicycle Company
spearfish-sd-twd-friday-night-club-ride	TWD Friday Night Club Ride	Spearfish	SD	Two Wheeler Dealer		fri	17:00	Two Wheeler Dealer: Run Bike Spearfish
chattanooga-tn-cbc-beginner-leisure-ride	Beginner/Leisure Ride	Chattanooga	TN	Chattanooga Bicycle Club	beginner,no-drop	mon	17:45	Parking lot behind the old Food Works restaurant
chattanooga-tn-cbc-downtown-to-market	Downtown to Market	Chattanooga	TN	Chattanooga Bicycle Club	no-drop	sun	09:00	Hubert Fry Center, Tennessee Riverpark
chattanooga-tn-cbc-riverpark-ride	Riverpark Ride	Chattanooga	TN	Chattanooga Bicycle Club	beginner	fri	09:00	Hubert Fry Station, Tennessee Riverpark
chattanooga-tn-velo-vixens-cbc-tuesday-night-hills	Velo Vixens/CBC Tuesday Night Hills Ride	Chattanooga	TN	Chattanooga Bicycle Club and Velo Vixens	no-drop,wtf	tue	18:00	Across from the Red Bank playground and tennis courts
clarksville-tn-clarksville-cycling-club-evening-rides	Clarksville Cycling Club Evening Rides	Clarksville	TN	Clarksville Cycling Club		thu	17:30	
cleveland-tn-scotts-thursday-night-road-ride	Scott's Thursday Night Road Ride	Cleveland	TN	Scott's Bicycle Centre	beginner	thu	18:00	Black Fox Elementary School parking lot
cleveland-tn-scotts-tuesday-night-mountain-bike-ride	Scott's Tuesday Night Mountain Bike Ride	Cleveland	TN	Scott's Bicycle Centre	beginner,wtf	tue	18:00	Enterprise South Nature Park main lot (Chattanooga); beginners at Johnston Woods trailhead (Cleveland)
columbia-tn-columbia-cycling-club-saturday-ride	Columbia Cycling Club Saturday Ride	Columbia	TN	Columbia Cycling Club	no-drop,beginner	sat		
franklin-tn-nashville-local-cycling-gsd-saturday	GSD Saturday Ride	Franklin	TN	Nashville Local Cycling		sat	07:00	Starbucks, downtown Franklin
franklin-tn-harpeth-bike-club-sunday-ride	Harpeth Bike Club Sunday Ride	Franklin	TN	Harpeth Bike Club		sun	08:00	Westhaven parking lot
franklin-tn-harpeth-bike-club-thursday-evening-hunters-bend	Harpeth Bike Club Thursday Evening Ride	Franklin	TN	Harpeth Bike Club		thu	17:45	KinderCare parking lot at Hunters Bend School
germantown-tn-major-taylor-thirsty-thursday	Major Taylor Thirsty Thursday	Germantown	TN	Memphis Hightailers Bicycle Club	no-drop	thu	18:00	Trek Bicycle Germantown (parking lot north of the tennis courts)
gladeville-tn-veloteers-girls-morning-out	Girls' Morning Out	Gladeville	TN	Veloteers Bicycle Club	wtf	fri	08:00	Gladeville Community Center
gladeville-tn-veloteers-thursday-social-ride	Thursday Social Ride	Gladeville	TN	Veloteers Bicycle Club	beginner	thu	18:00	Gladeville Community Center
knoxville-tn-two-bikes-coffee-outside	Coffee Outside	Knoxville	TN	Two Bikes	beginner,no-drop,family	sun	09:00	Two Bikes
knoxville-tn-two-bikes-bike-party	Two Bikes Bike Party	Knoxville	TN	Two Bikes	beginner,no-drop	fri	18:00	Two Bikes
memphis-tn-hightailers-chill-ride	The Chill Ride	Memphis	TN	Memphis Hightailers Bicycle Club	beginner,no-drop	sun	14:00	Rotates: Overton Park, Big River Crossing, Shelby Farms, Crosstown Brewery and others
mount-juliet-tn-veloteers-monday-community-ride	Community Ride at Charlie Daniels Park	Mount Juliet	TN	Veloteers Bicycle Club	beginner,no-drop	mon	17:30	Charlie Daniels Park
nashville-tn-bike-curious-sunday-ride	Bike Curious Sunday Ride	Nashville	TN	Bike Curious	beginner	sun		Below the train trestle, Shelby Park riverfront greenway
nashville-tn-domestiques-weeknight-rides	Domestiques Tuesday and Thursday Rides	Nashville	TN	The Domestiques Cycling Club of Middle Tennessee		tue/thu		
nashville-tn-music-city-dope-pedalers-friday-ride	Music City Dope Pedalers Friday Ride	Nashville	TN	Music City Dope Pedalers	no-drop,beginner,bipoc	fri	18:00	Frankie Pierce Park
nashville-tn-trail-and-fitness-percy-warner-night-ride	Percy Warner Night Ride	Nashville	TN	Trail & Fitness Bicycles	beginner	thu	19:00	Percy Warner Park main mountain bike trailhead, next to the clubhouse
nashville-tn-shelby-ave-bicycle-tuesday-night-ride	Shelby Ave Tuesday Night Ride	Nashville	TN	Shelby Ave Bicycle Co.		tue		Shelby Ave Bicycle Co.
nashville-tn-ride615-sylvan-park-tuesday-night-ride	Sylvan Park Tuesday Night Ride	Nashville	TN	Ride615 Bicycle Shop	no-drop	tue	18:15	Ride615 Sylvan Park
oakland-tn-hightailers-tuesday-gravel	Hightailers Tuesday Gravel	Oakland	TN	Memphis Hightailers Bicycle Club	no-drop	tue	18:00	Loven-Fresh BBQ
rockvale-tn-harpeth-bike-club-tuesday-evening-patterson	Harpeth Bike Club Tuesday Evening Ride	Rockvale	TN	Harpeth Bike Club		tue	17:45	Patterson Baptist Church
abilene-tx-biketown-monday-easy-ride	BikeTown Monday Easy Ride	Abilene	TX	BikeTown	beginner,no-drop	mon	18:00	BikeTown parking lot
austin-tx-austin-ridge-riders-sunday-ride	Austin Ridge Riders Sunday Ride	Austin	TX	Austin Ridge Riders	no-drop,beginner	sun	09:00	Rotates; Walnut Creek Metropolitan Park is the usual home trail
austin-tx-mellow-johnnys-scout-a-route	Scout-a-Route Saturday Ride	Austin	TX	Mellow Johnny's Bike Shop	no-drop,beginner	sat	09:00	Mellow Johnny's Bike Shop
austin-tx-thursday-night-social-ride	Thursday Night Social Ride	Austin	TX	Social Cycling Austin	no-drop,beginner	thu	19:30	Chicano Park
bryan-tx-bvmba-tuesday-social-ride	BVMBA Tuesday Social Ride	Bryan	TX	Brazos Valley Mountain Bike Association	no-drop,beginner	tue	18:30	Lake Bryan boat ramp parking lot
carrollton-tx-ccc-south-saturday-morning-ride	CCC South Saturday Morning Ride	Carrollton	TX	Carrollton Cycling Club		sat	08:00	One block south of the Carrollton Square Gazebo
cedar-hill-tx-lone-star-cyclists-tuesday-training-ride	Lone Star Cyclists Tuesday Training Ride	Cedar Hill	TX	Lone Star Cyclists		tue	18:15	Lake Ridge Elementary
college-station-tx-southenders-midweek-motley	Midweek Motley (Southenders)	College Station	TX	Brazos Valley Cyclists (Southenders)		wed	07:30	1862 Rock Prairie / Pebble Creek entrance (two starts)
corpus-christi-tx-bicycle-world-tuesday-no-drop-ride	Bicycle World Tuesday No-Drop Ride	Corpus Christi	TX	Bicycle World RGV	no-drop	tue	18:30	Bicycle World Corpus Christi (shop parking lot)
corpus-christi-tx-cc-led-saturday-light-ride	Saturday Light Ride	Corpus Christi	TX	CC LED	family,beginner	sat	19:30	Parking lot across from Residence Inn on Shoreline
dallas-tx-dallas-critical-mass	Dallas Critical Mass	Dallas	TX	Dallas Critical Mass		fri	20:00	Dallas Farmers Market
dallas-tx-pull-through-friday-coffee-ride	F(RIDE)day Coffee Ride	Dallas	TX	Pull Through Coffee Bar	beginner,no-drop	fri	07:15	Pull Through Coffee Bar
dallas-tx-femme-pedale-womens-ride	Femme Pedale Women's Ride	Dallas	TX	Femme Pedale	wtf,beginner	thu	19:00	411 N Washington Ave
dallas-tx-hangover-riders-first-friday-ride	First Friday Ride	Dallas	TX	Hangover Riders		fri	20:00	Dallas Farmers Market
dallas-tx-make-the-healthy-choice-community-bike-ride	Make The Healthy Choice Community Bike Ride	Dallas	TX	Make The Healthy Choice	beginner	sun	09:00	White Rock Brewing Co.
dallas-tx-monday-moss-mtb-ride	Monday Moss	Dallas	TX	Harry Moss DORBA Trail Maintainers and Riders	no-drop	mon	18:30	Harry Moss Trailhead
dallas-tx-shifty-freewheelers-monday-night-ride	Shifty Freewheelers Monday Night Ride	Dallas	TX	Shifty Freewheelers	no-drop,beginner	mon	19:00	Trinity Cider
dallas-tx-south-loop-weekend-ride	South Loop Weekend Ride (Ray Hubbard Loop)	Dallas	TX	Leaderless East Dallas ride		sat/sun	07:30	Corner of St. Francis Ave and Forest Hills Blvd
dallas-tx-taco-tuesday-with-salty-cats	Taco Tuesday with Salty Cats	Dallas	TX	Salty Cats		tue	20:00	Cold Beer Company
dallas-tx-tits-tuesday-time-in-the-saddle	TITS Tuesday (Time in the Saddle)	Dallas	TX	TITS Tuesday	wtf,beginner	tue	20:00	Whole Foods Market (Abrams)
dallas-tx-pull-through-womens-monthly-shop-ride	Women's Monthly Shop Ride	Dallas	TX	Pull Through Coffee Bar	wtf,no-drop	sun	08:00	Pull Through Coffee Bar
dallas-tx-bike-mart-wrl-wednesday-spin-ride	WRL Wednesday Spin Ride	Dallas	TX	Bike Mart		wed	19:30	Bike Mart – White Rock Lake
denton-tx-denton-women-cyclists-tuesday-ride	Denton Women Cyclists Tuesday Social Ride	Denton	TX	Denton Women Cyclists	wtf,no-drop,beginner	tue	19:00	Bayless-Selby House Museum parking lot
denton-tx-east-side-social-ride	East Side Social Ride	Denton	TX	Denton Social Cyclists / Corinth Cycling	no-drop	thu	19:30	East Side Denton
denton-tx-monday-community-ride	Monday Community Ride	Denton	TX	Denton Community Rides	no-drop,beginner	mon	18:00	Denton County Courthouse-on-the-Square, north lawn
el-paso-tx-saturday-road-ride	El Paso Bicycle Club Saturday Road Ride	El Paso	TX	El Paso Bicycle Club		sat	07:00	Grace Gardens Event Center
el-paso-tx-thursday-morning-cruise	Thursday Morning Cruise	El Paso	TX	El Paso Bicycle Club	no-drop	thu	07:00	Starbucks at the Outlet Shoppes
fort-worth-tx-fwba-saturday-club-ride	FWBA Saturday Club Ride	Fort Worth	TX	Fort Worth Bicycling Association		sat	08:00	
fort-worth-tx-trek-fort-worth-south-thursday-ride	The Thursday Ride – Trek Fort Worth South	Fort Worth	TX	Trek Bicycle Fort Worth South		thu	18:15	Trek Bicycle Fort Worth South
frisco-tx-bike-mart-hollyhock-saturday-ride	Hollyhock Saturday Ride	Frisco	TX	Bike Mart	beginner,family	sat	08:30	Bike Mart – Prosper/Hollyhock
houston-tx-blue-line-bike-lab-wednesday-ride	Blue Line Wednesday Ride	Houston	TX	Blue Line Bike Lab		wed		Blue Line Bike Lab (The Heights)
houston-tx-critical-mass-houston	Critical Mass Houston	Houston	TX	Critical Mass Houston		fri	19:15	Guadalupe Plaza Park
houston-tx-nwcc-saturday-zube-park-ride	NWCC Saturday Zube Park Ride	Houston	TX	Northwest Cycling Club	no-drop,beginner	sat	07:30	Zube Park
houston-tx-pride-bike-ride-tuesgay-social-ride	Tuesgay Social Ride	Houston	TX	Pride Bike Ride Houston	lgbtq,no-drop,beginner	tue	19:30	Varsity Bar HTX
lubbock-tx-wtca-saturday-ransom	WTCA Saturday Ransom	Lubbock	TX	West Texas Cycling Association		sat	08:00	Ransom Canyon Center parking lot
lubbock-tx-wtca-tuesday-thursday-ransom-ride	WTCA Tuesday/Thursday Ransom Ride	Lubbock	TX	West Texas Cycling Association	no-drop	tue/thu	08:00	Ransom Canyon Center parking lot
mcallen-tx-mujeres-mondays	Mujeres Mondays	McAllen	TX	Bicycle World RGV with Corazón Racing	wtf	mon	18:30	Bicycle World McAllen (shop parking lot)
mcallen-tx-bicycle-world-tnt-ride	TNT Ride (Tuesday & Thursday)	McAllen	TX	Bicycle World RGV		tue/thu	18:30	Bicycle World McAllen (shop parking lot)
mckinney-tx-bike-mart-saturday-abc-ride	McKinney Bike Mart Saturday A/B/C Ride	McKinney	TX	Bike Mart	beginner	sat	08:00	Bike Mart – McKinney Stonebridge
midland-tx-trek-saturday-coffee-ride	Saturday Coffee Ride	Midland	TX	Permian Basin Bicycle Association	no-drop,beginner	sat	08:00	Trek Midland
midland-tx-tuesday-night-worlds	Tuesday Night Worlds	Midland	TX	Permian Basin Bicycle Association		tue	18:15	Energy City Bikes
odessa-tx-mission-and-monday	Mission & Monday	Odessa	TX	West Texas Gazelles Odessa	beginner	mon	18:15	Mission Fitness
plano-tx-pba-saturday-club-rides	PBA Saturday Club Rides	Plano	TX	Plano Bicycle Association	beginner,no-drop	sat	08:00	Gulledge Elementary School parking lot (novice groups); faster groups start at Spring Creek & Coit
plano-tx-pba-tuesday-night-ladies-ride	PBA Tuesday Night Ladies Ride	Plano	TX	Plano Bicycle Association	wtf,no-drop	tue	18:00	NE corner of Windhaven and Communications Pkwy (west side of the building, by the Pinstack lot)
richardson-tx-bike-mart-saturday-rides	Richardson Bike Mart Saturday Rides	Richardson	TX	Bike Mart	beginner,no-drop	sat	08:00	Bike Mart – Richardson (UTD)
san-antonio-tx-san-antonio-wheelmen-weekend-rides	San Antonio Wheelmen Weekend Rides	San Antonio	TX	San Antonio Wheelmen		sat/sun	07:30	
san-antonio-tx-satx-social-ride	SATX Social Ride	San Antonio	TX	SATX Social Ride	no-drop,beginner	tue	19:00	Burleson Beer Garden
tomball-tx-nwcc-saturday-coffee-ride	NWCC Saturday Coffee Ride	Tomball	TX	Northwest Cycling Club	beginner,no-drop,family	sat	08:00	Wildwood Elementary
tyler-tx-ride-tyler-donut-ride	Ride Tyler Donut Ride	Tyler	TX	Ride Tyler	beginner,no-drop,family	sat	08:00	Ride Tyler
tyler-tx-ride-tyler-social-spin-urban-ride	Social Spin Urban Ride	Tyler	TX	Ride Tyler	beginner	thu	18:00	Ride Tyler
tyler-tx-rose-city-cycling-wednesday-urban-ride	Wednesday Urban Ride	Tyler	TX	Rose City Cycling	beginner,no-drop	wed	18:00	FRESH by Brookshire's, back parking lot
waco-tx-cameron-park-sunday-mtb-ride	Cameron Park Sunday MTB Ride	Waco	TX	Waco Bicycle Club	no-drop,beginner	sun	14:00	Redwood Shelter, Cameron Park
waco-tx-dam-ride-tuesday	Dam Ride (Tuesday Evenings)	Waco	TX	Waco Bicycle Club	no-drop	tue	17:45	Waco Dam
ivins-ut-ibb-friday-social-road-gravel-ride	IBB Friday Social Road/Gravel Ride	Ivins	UT	IBB Cyclery & Multisport		fri	08:00	IBB Cyclery
north-logan-ut-joyride-thursday-night-ride	Joyride Thursday Night Ride (MTB)	North Logan	UT	Joy Ride Bicycles		thu	17:30	Joy Ride Bicycles
ogden-ut-skyline-cycle-wednesday-night-ride	Skyline Cycle Wednesday Night Road Ride	Ogden	UT	Skyline Cycle		wed		Skyline Cycle
orem-ut-orem-bicycle-coalition-monthly-ride	Orem Bicycle Coalition Monthly Ride	Orem	UT	Orem Bicycle Coalition		wed	17:30	Mad Dog Cycles
park-city-ut-slcmtb-tuesday-social-ride	SLCMTB Tuesday Weekly Social Ride	Park City	UT	SLCMTB – Salt Lake City Mountain Biking	beginner,no-drop	tue	17:45	
salt-lake-city-ut-999-ride	999 Ride	Salt Lake City	UT	999 Ride (SLC)	no-drop	thu	21:00	9th and 9th
salt-lake-city-ut-bonneville-cycling-club-weekly-rides	Bonneville Cycling Club Weekly Rides	Salt Lake City	UT	Bonneville Cycling Club		mon/tue/wed/thu/fri/sat/sun		
salt-lake-city-ut-wasatch-mountain-club-tuesday-mtb-ride	Wasatch Mountain Club Tuesday Night Mountain Bike Ride	Salt Lake City	UT	Wasatch Mountain Club		tue	17:00	
arlington-va-nova-cbg-tuesday-night-ride	Tuesday Night Ride (NoVA Casual Bicycling Group)	Arlington	VA	Northern Virginia Casual Bicycling Group	no-drop,beginner	tue	18:30	Shirlington Library
charlottesville-va-blue-wheel-tuesday-shop-ride	Tuesday Shop Ride (Blue Wheel Bicycles)	Charlottesville	VA	Blue Wheel Bicycles	beginner	tue	18:15	
charlottesville-va-endeavor-cycles-wednesday-mtb-ride	Wednesday Mountain Bike Ride (Endeavor Cycles)	Charlottesville	VA	Endeavor Cycles	beginner	wed	17:30	Endeavor Cycles
harrisonburg-va-womens-monday-mountain-bike-ride	Women's Monday Mountain Bike Ride	Harrisonburg	VA	Shenandoah Valley Bicycle Coalition	wtf,beginner,no-drop	mon	17:30	Massanutten Western Slope parking lot
norfolk-va-slow-and-steady-sundays	Slow & Steady Sundays	Norfolk	VA	Slow & Steady Bikes and Goods	no-drop,beginner	sun	10:30	Slow & Steady Bikes and Goods
norfolk-va-east-coast-bicycles-thursday-community-road-ride	Thursday Community Road Ride (East Coast Bicycles)	Norfolk	VA	East Coast Bicycles		thu	18:00	East Coast Bicycles
powhatan-va-raba-powhatan-courthouse-no-drop	Powhatan Courthouse No Drop (RABA)	Powhatan	VA	Richmond Area Bicycling Association	no-drop,beginner	sun	09:00	Citizens Bank & Trust, Flatrock
richmond-va-rar-richmond-monday-night-ride	RAR Richmond Monday Night Ride	Richmond	VA	Radical Adventure Riders Richmond	wtf,bipoc,lgbtq,beginner	mon		
richmond-va-blue-ridge-cyclery-saturday-bridge-ride	Saturday Bridge Ride (Blue Ridge Cyclery / BikeFitRVA Racing)	Richmond	VA	Blue Ridge Cyclery		sat	08:30	Blue Ridge Cyclery Richmond
roanoke-va-crank-sisters-social-ride	Crank Sisters Social Ride	Roanoke	VA	Crank Sisters	wtf,no-drop,beginner	thu	18:00	Cardinal Bicycle Grandin Village
roanoke-va-cardinal-bicycle-tuesday-night-ride	Tuesday Night Ride (Cardinal Bicycle Grandin)	Roanoke	VA	Cardinal Bicycle	beginner	tue	17:45	Cardinal Bicycle Grandin Village
salem-va-olde-salem-brewery-ride	Olde Salem Brewery Ride	Salem	VA	Roanoke College Cycling Team	no-drop	thu	17:30	Olde Salem Brewery (back parking lot)
virginia-beach-va-tripower-sunday-beginner-ride	Sunday Beginner Ride (Tripower Cycling Club)	Virginia Beach	VA	Tripower Cycling Club of Virginia	beginner	sun	08:00	Conte's Bike Shop Virginia Beach
barre-vt-vermont-bicycle-shop-pizza-ride	Vermont Bicycle Shop Pizza Ride	Barre	VT	Vermont Bicycle Shop	beginner,no-drop	sat	16:00	Vermont Bicycle Shop, Barre
south-burlington-vt-gmbc-wednesday-training-ride	GMBC Wednesday Evening Training Ride	South Burlington	VT	Green Mountain Bicycle Club		wed	17:30	Wheeler Dirt Lot
stowe-vt-ranch-camp-ladies-rides	Ranch Camp Ladies Rides	Stowe	VT	Ranch Camp with MTBVT	wtf,lgbtq,no-drop	mon	17:30	Rotating trailheads around Stowe; shop at 311 Mountain Rd
bellingham-wa-rabbit-ride	Rabbit Ride	Bellingham	WA	Rabbit Ride (self-organized)		sun	07:45	Fairhaven Bicycles (rally point only)
bellingham-wa-shifting-gears-womens-mtb-ride	Shifting Gears Women's Mountain Bike Ride	Bellingham	WA	Shifting Gears	wtf,beginner,no-drop	mon	17:30	Galbraith Mountain or Lake Padden trailheads (varies weekly)
olympia-wa-gravel-happy-hour	Gravel Happy Hour	Olympia	WA	Cascadia Super Gravel with Big Stump Bikes and Olympia Mountain Bike Ride Club	beginner	sun		Capitol State Forest (trailhead varies)
seattle-wa-good-weather-sunday-social	Good Weather Sunday Social	Seattle	WA	Good Weather	no-drop,beginner	sun	10:30	Tailwind Cafe
seattle-wa-moxie-monday	Moxie Monday	Seattle	WA	Moxie Monday	wtf,lgbtq,no-drop,beginner	mon	18:00	Westlake Park
seattle-wa-northstar-sunday-service	NorthStar Cycling Sunday Service	Seattle	WA	NorthStar Cycling Club	bipoc,no-drop,beginner	sun	11:00	NorthStar Clubhouse
seattle-wa-seattle-bike-disco	Seattle Bike Disco	Seattle	WA	Seattle Bike Disco	no-drop	fri	19:30	
seattle-wa-wtfnb-weekly-with-brevay	WTFNB Weekly with Brevay	Seattle	WA	Brevay Cycling	wtf,lgbtq,no-drop	thu	06:30	Pacha Collective
spokane-wa-bicycle-butler-ride-spokane	Bicycle Butler Wednesday Ride	Spokane	WA	Bicycle Butler	no-drop,beginner	wed	18:15	Bicycle Butler
spokane-wa-spokane-bicycle-club-monday-riverside-state-park-ride	Spokane Bicycle Club Monday Riverside State Park Ride	Spokane	WA	Spokane Bicycle Club		mon	09:00	Little Garden Cafe
tacoma-wa-tacoma-tuesday-night-ride	Tacoma Tuesday Night Ride	Tacoma	WA	Tacoma Tuesday Night Ride		tue	18:30	
wenatchee-wa-wenatchee-valley-velo-saturday-ride	Wenatchee Valley Velo Saturday Ride	Wenatchee	WA	Wenatchee Valley Velo		sat	09:00	Wenatchee Valley Brewing Company
appleton-wi-wheel-and-sprocket-thursday-night-ride	Wheel & Sprocket Appleton Thursday Night Ride	Appleton	WI	Wheel & Sprocket		thu	18:00	Wheel & Sprocket Appleton (back parking lot)
green-bay-wi-market-to-music-ride	Market to Music Ride	Green Bay	WI	Green Bay Bicycle Collective	family,beginner,no-drop	wed	18:30	Behind Pete's Garage
la-crosse-wi-smiths-womens-road-ride	Smith's Women's Road Ride	La Crosse	WI	Smith's Bike Shop	wtf	mon	17:30	Smith's Bike Shop
madison-wi-cap-city-cyclists-mad-town-mondays	Mad Town Mondays	Madison	WI	Cap City Cyclists	no-drop,beginner	mon	18:00	Orton Park
madison-wi-madison-queer-bike-ride	Madison Queer Bike Ride	Madison	WI	Madison Queer Bike Ride	lgbtq,beginner,no-drop	wed		Law Park, near the boat launch and tiny beach
madison-wi-madison-womens-cycling-club-tuesday-ride	Madison Women's Cycling Club Tuesday Ride	Madison	WI	Madison Women's Cycling Club	wtf,no-drop,beginner	tue	18:00	Olbrich Park (Biergarten parking lot)
madison-wi-motorless-motion-taco-ride	Motorless Motion Taco Ride	Madison	WI	Motorless Motion Bicycles	beginner,no-drop	wed	18:15	Motorless Motion Bicycles
middleton-wi-capital-brewery-bike-club-rides	Capital Brewery Bike Club Tuesday and Thursday Rides	Middleton	WI	Capital Brewery Bike Club	beginner	tue/thu	17:30	Capital Brewery Beer Garden
milwaukee-wi-cadence-tuesday-thursday-rides	Cadence Tuesday and Thursday Rides	Milwaukee	WI	Cadence Cycling Milwaukee	no-drop	tue/thu	18:00	Bay View Wheel & Sprocket (Tue) / Fox Point Wheel & Sprocket (Thu)
milwaukee-wi-cream-city-cycle-club-wednesday-morning-ride	Cream City Cycle Club Wednesday Morning Ride	Milwaukee	WI	Cream City Cycle Club		wed	09:30	
south-milwaukee-wi-south-milwaukee-critical-mass	South Milwaukee Critical Mass	South Milwaukee	WI	South Milwaukee Critical Mass		fri	18:00	Bucyrus Commons
suamico-wi-broken-spoke-monday-night-road-ride	Broken Spoke Monday Night Road Ride	Suamico	WI	Broken Spoke Bike Studio		mon	18:00	Broken Spoke Bike Studio, Suamico
wauwatosa-wi-tosa-full-moon-bicycle-ride	Tosa Full Moon Bicycle Ride	Wauwatosa	WI	Milwaukee Bike Rides	no-drop,beginner			Metro Wauwatosa (start posted each month)
charleston-wv-mountain-state-wheelers-saturday-ride	Mountain State Wheelers Saturday Ride	Charleston	WV	Mountain State Wheelers		sat	09:00	
morgantown-wv-mamba-weekly-group-ride	MAMBA Weekly Group Ride	Morgantown	WV	Morgantown Area Mountain Bike Alliance	beginner	tue	18:30	
cheyenne-wy-cmbc-wednesday-social-ride	Cheyenne Mountain Bike Club Wednesday Social Ride	Cheyenne	WY	Cheyenne Mountain Bike Club		wed	18:00	Aspen Grove, Curt Gowdy State Park
jackson-wy-bike-to-work-wednesdays	Bike to Work Wednesdays	Jackson	WY	Friends of Pathways	beginner,family	wed	07:30	
laramie-wy-spinderellas	Spinderellas	Laramie	WY	Laramie BikeNet (led by Jenn Hess)	wtf,beginner,no-drop	tue	17:45	Tie City Trailhead parking lot
laramie-wy-pedal-house-wednesday-night-ride	Wednesday Night Pedal House Ride	Laramie	WY	Pedal House		wed	17:00	Pedal House
