slug	name	city	host	days	start	start_place	source
chandler-az-global-bikes-chandler-north-saturday-ride	Chandler North Saturday Ride	Chandler	Global Bikes & E-Bikes	sat	06:00	Global Bikes & E-Bikes Chandler	https://www.meetup.com/global-bikes-meetup/
chandler-az-pmbc-mikes-sunday-ride	Mike's Sunday Ride	Chandler	Phoenix Metro Bicycle Club	sun	07:30	Desert Breeze Park, north parking lot	https://pmbc.clubexpress.com/content.aspx?page_id=22&club_id=943467&module_id=364161
cottonwood-az-vvcc-wednesday-cottonwood-ride	VVCC Wednesday Cottonwood Ride	Cottonwood	Verde Valley Cyclists Coalition	wed	08:00	The Neighborhood Coffee Shop	https://www.meetup.com/vvcc-road-bike-rides/
flagstaff-az-vvcc-mormon-lake-thursday-ride	Mormon Lake Lodge Out-and-Back	Flagstaff	Verde Valley Cyclists Coalition	thu	09:00	Lake Mary Rd & Forest Service Road 132 (Mormon Lake Lodge)	https://www.meetup.com/find/us--az--flagstaff/mountain-biking/
fountain-hills-az-mcdowell-mountain-cycles-tuesday-night-mtb	MMC Tuesday Night Ride	Fountain Hills	McDowell Mountain Cycles	tue	19:00	Four Peaks Trailhead parking lot, across the road from the Competition Loops, McDowell Mountain Regional Park	https://mcdowellmountaincycles.com/mmc-life/
fountain-hills-az-mcdowell-mountain-cycles-sunday-funday-gravel	Sunday Funday Gravel Ride	Fountain Hills	McDowell Mountain Cycles	sun	06:00	McDowell Mountain Cycles	https://mcdowellmountaincycles.com/mmc-life/
gilbert-az-global-bikes-sunday-funday-ride	Gilbert Sunday Funday Ride	Gilbert	Global Bikes & E-Bikes	sun	06:00	Global Bikes & E-Bikes Gilbert	https://www.meetup.com/global-bikes-meetup/
peoria-az-monday-night-meander	Monday Night Meander	Peoria	West Valley Casual Bike Rides	mon	19:00	West Valley Casual Bike Rides meet spot	https://www.meetup.com/west-valley-casual-bike-rides/
peoria-az-west-valley-casual-true-beginner-ride	True Beginner Ride	Peoria	West Valley Casual Bike Rides	wed	19:00	Sweetwater Park	https://www.meetup.com/west-valley-casual-bike-rides/events/ical/
peoria-az-west-valley-casual-thursday-any-bike-ride	Whatever You Feel Like Ride	Peoria	West Valley Casual Bike Rides	thu	19:00	Rio Vista (the Meetup venue is Biscuits Cafe)	https://www.meetup.com/west-valley-casual-bike-rides/events/ical/
phoenix-az-global-bikes-ahwatukee-wednesday-ride	Ahwatukee Climbing Circuit Ride	Phoenix	Global Bikes & E-Bikes	wed	19:00	Philly's Sports Grill, east end of the shopping center at 48th St and Warner	https://www.meetup.com/global-bikes-meetup/events/ical/
phoenix-az-bullshifters-saturday-club-ride	Bullshifters Saturday Club Ride	Phoenix	Bullshifters Bicycling Club	sat	07:30	Moon Valley Park	https://bullshifters.org/upcoming-bull-shifter-rides-club-events/
phoenix-az-pmbc-granada-sunday-breakfast-ride	Granada Sunday Breakfast Ride	Phoenix	Phoenix Metro Bicycle Club (Granada chapter)	sun	07:30	Granada Park	https://pmbc.clubexpress.com/content.aspx?page_id=22&club_id=943467&module_id=364277
phoenix-az-valley-epic-rides-night-rider-trail-100	Night Rider Series @ Trail 100	Phoenix	Valley Epic Rides	wed	18:30	Trail 100 meet spot (Meetup venue)	https://www.meetup.com/valley-epic-rides/events/ical/
phoenix-az-downtempo-ride	Phoenix Downtempo Ride	Phoenix	Phoenix Downtempo Ride	mon	20:00	Civic Space Park	https://dtphx.org/do/phoenix-down-tempo-ride
phoenix-az-taco-tuesday-south-mountain	Taco Tuesday Ride at South Mountain	Phoenix	Valley Epic Rides	tue	19:15	Kyrene de las Lomas Elementary School	https://www.meetup.com/valley-epic-rides/
prescott-az-bike-prescott-thursday-mtb-series	Bike Prescott Thursday Mountain Bike Series	Prescott	Bike Prescott	thu	08:00		https://www.bikeprescott.org/weekly-ride-series
prescott-az-soul-ride-sunday-shop-ride	Soul Ride Sunday Shop Ride	Prescott	Soul Ride Bike Shop & Taproom	sun		Soul Ride Bike Shop & Taproom (parking lot behind the shop)	https://www.soulride.bike/
sedona-az-absolute-bikes-shop-rides	Absolute Bikes Sedona Shop Rides	Sedona	Absolute Bikes	thu/sun	16:00	Absolute Bikes Sedona	https://www.absolutebikes.net/articles/places-to-ride-pg218.htm
sedona-az-wednesday-evening-mtb-ride	Sedona Wednesday Evening Mountain Bike Ride	Sedona	Verde Valley Cyclists Coalition / Sedona MTB Facebook group	wed		West Sedona (exact meetup posted in the Facebook group each Monday)	https://www.vvcc.us/MTB-Rides
tempe-az-regroup-coffee-ride	Regroup Saturday Coffee Ride	Tempe	Regroup	sat	06:00	Regroup Coffee + Bicycles	https://regroupwithus.com/rides-and-events/
tempe-az-pmbc-saturday-cycling	Saturday Cycling	Tempe	Phoenix Metro Bicycle Club	sat	07:30	Kiwanis Park, the parking lot on S. All America Way nearest Mill Ave	https://pmbc.clubexpress.com/content.aspx?page_id=22&club_id=943467&module_id=364159
tucson-az-bicas-wtf-ride	BICAS WTF Ride	Tucson	BICAS (Bicycle Inter-Community Art & Salvage)	mon	19:00	BICAS	https://bicas.org/women-trans-femme/
tucson-az-fuga-southside-ride	FUGA Southside Ride (Bicicleteada del Sur)	Tucson	FUGA (Familias Unidas Ganando Accesibilidad)	fri	18:00	El Pueblo Center	https://www.transitcycles.com/events-1
tucson-az-gaba-el-tour-training-rides	GABA El Tour de Tucson Training Rides	Tucson	Greater Arizona Bicycling Association (GABA)	sun	06:45	Safeway at Golf Links and Wilmot	https://www.meetup.com/bikegaba/events/ical/
tucson-az-the-shootout	The Shootout	Tucson	The Shootout (documented by Fair Wheel Bikes)	sat	07:30	University Blvd & Euclid Ave	https://www.fairwheelbikes.com/service/group-rides/
tucson-az-tuesday-morning-fast-ride	Tuesday Morning Fast Ride (TMFR)	Tucson	Tuesday Morning Fast Ride (documented by Fair Wheel Bikes)	tue	07:00	Near University Blvd and Euclid Ave, by the University of Arizona	https://www.fairwheelbikes.com/service/group-rides/
tucson-az-tuesday-night-ride	Tuesday Night Ride (TNR)	Tucson	Tucson Tuesday Night Ride	tue	20:45	Flagpole in front of Old Main, University of Arizona	https://www.cycloviatucson.org/cyclovia-remix-december/tuesday-nite-ride
tucson-az-womens-shootout	Women's Shootout Tucson	Tucson	Women's Shootout Tucson	sat	06:15	Mercado San Agustín	https://www.transitcycles.com/events-1
yuma-az-foothills-bicycle-club-social-rides	Foothills Bicycle Club Sunday & Tuesday Social Rides	Yuma	Foothills Bicycle Club	sun/tue		Foothills Library	https://foothillsbicycleclub.org/
