slug	name	city	days	time	host	watch_url	verified_on
buffalo-ny-slow-roll-buffalo-monday-night-community-ride	Slow Roll Buffalo Monday Night Community Ride	Buffalo	mon	18:30	Slow Roll Buffalo (Wheel B Herd)	https://www.slowrollbuffalo.org/ride	2026-09-15
buffalo-ny-slow-spokes-tuesday-wilkeson-pointe-ride	Slow Spokes Tuesday Ride at Wilkeson Pointe	Buffalo	tue	18:00	Slow Spokes USA	https://www.slowspokesusa.com/	2026-09-15
camillus-ny-onondaga-cycling-club-tuesday-slow-n-easy	OCC Tuesday Slow N' Easy Ride	Camillus	tue	18:00	Onondaga Cycling Club	https://onondagacyclingclub.org/	2026-09-15
lockport-ny-slow-spokes-friday-ride	Slow Spokes Friday Ride in Lockport	Lockport	fri	18:00	Slow Spokes USA	https://www.slowspokesusa.com/	2026-09-15
rochester-ny-just-for-giggles-monday-night-brewery-ride	Just for Giggles Monday Night Ride	Rochester	mon,sat	18:15	Just for Giggles Cycling	https://reconnectrochester.org/bike-scene-overview/	2026-09-15
rochester-ny-rochester-bike-gang-thursday-ride	Rochester Bike Gang Thursday Ride	Rochester	thu	19:30	Rochester Bike Gang	https://reconnectrochester.org/bike-scene-overview/	2026-09-15
rotterdam-ny-mhcc-tuesday-evening-river-ride	MHCC Tuesday Evening River Ride	Rotterdam	tue	18:30	Mohawk Hudson Cycling Club	https://www.mohawkhudsoncyclingclub.org/	2026-09-15
beacon-ny-beacon-bicycle-coalition-monthly-group-ride	Beacon Bicycle Coalition Monthly Group Ride	Beacon	thu	18:00	Beacon Bicycle Coalition	https://bikebeacon.org/events	2026-09-18
ithaca-ny-flcc-womens-road-ride	FLCC Women's Road Ride	Ithaca	wed	18:00	Finger Lakes Cycling Club	https://fingerlakescycling.org/flccpage/group-rides/womens-road-ride/	2026-09-18
